Species,Dd_long,Dd_lat
Carassius gibelio,31.13000000000,47.84440800000
Carassius gibelio,25.60000000000,49.85840700000
Carassius gibelio,16.30000000000,51.94210000000
Carassius gibelio,5.97000000000,50.87529700000
Carassius gibelio,6.70000000000,51.99676600000
Carassius gibelio,7.04000000000,52.71508800000
Carassius gibelio,5.48000000000,52.08233200000
Carassius gibelio,6.67000000000,53.39030600000
Carassius gibelio,6.00000000000,52.72286800000
Carassius gibelio,4.01000000000,51.34135000000
Carassius gibelio,4.30000000000,52.00482400000
Carassius gibelio,4.77000000000,52.71354100000
Carassius gibelio,5.16000000000,53.56582300000
Carassius gibelio,3.26000000000,53.54728900000
Carassius gibelio,5.03000000000,50.62424000000
Carassius gibelio,35.15000000000,46.49591600000
Carassius gibelio,17.27000000000,48.64530800000
Carassius gibelio,9.38000000000,46.15293100000
Carassius gibelio,29.13000000000,48.10520600000
Carassius gibelio,36.11000000000,51.73277700000
Carassius gibelio,32.97000000000,49.87656200000
Carassius gibelio,23.12000000000,40.70169700000
Carassius gibelio,-3.59000000000,37.17659400000
Carassius gibelio,39.08000000000,44.98082200000
Carassius gibelio,35.18000000000,47.73621000000
Carassius gibelio,0.46000000000,49.57389100000
Carassius gibelio,10.65000000000,47.07675800000
Carassius gibelio,15.64000000000,47.21412500000
Carassius gibelio,11.59000000000,48.17225400000
Carassius gibelio,10.13000000000,54.32454600000
Carassius gibelio,12.23000000000,44.13422800000
Carassius gibelio,35.21000000000,44.99401800000
Carassius gibelio,35.20000000000,52.48714700000
Carassius gibelio,20.38000000000,45.38058900000
Carassius gibelio,14.34000000000,50.00157200000
Carassius gibelio,23.68000000000,48.52169400000
Carassius gibelio,5.10000000000,51.32636000000
Carassius gibelio,15.44000000000,53.10950100000
Carassius gibelio,9.74000000000,49.68150700000
Carassius gibelio,2.81000000000,51.18080000000
Carassius gibelio,25.89000000000,46.12868900000
Carassius gibelio,6.48000000000,36.51089800000
Carassius gibelio,25.30000000000,59.14936200000
Carassius gibelio,24.19000000000,52.09873900000
Carassius gibelio,25.37000000000,45.51534700000
Carassius gibelio,7.52000000000,45.17237800000
Carassius gibelio,8.94000000000,47.72653600000
Carassius gibelio,7.88000000000,48.00593700000
Carassius gibelio,15.61000000000,48.27976200000
Carassius gibelio,34.35000000000,44.63670200000
Carassius gibelio,6.94000000000,43.54918000000
Carassius gibelio,6.17000000000,43.13075000000
Carassius gibelio,5.20000000000,43.41137000000
Carassius gibelio,4.19000000000,43.63913000000
Carassius gibelio,4.65000000000,44.36834000000
Carassius gibelio,5.61000000000,45.61900000000
Carassius gibelio,3.25000000000,43.31217000000
Carassius gibelio,4.96000000000,45.05860000000
Carassius gibelio,7.18000000000,47.53935000000
Carassius gibelio,7.94000000000,48.70496000000
Carassius gibelio,5.20000000000,46.25763000000
Carassius gibelio,4.12000000000,45.30731000000
Carassius gibelio,5.91000000000,47.17562000000
Carassius gibelio,1.98000000000,43.29424000000
Carassius gibelio,4.35000000000,45.94598000000
Carassius gibelio,8.58000000000,50.21314900000
Carassius gibelio,2.07000000000,43.92978000000
Carassius gibelio,5.02000000000,46.94337000000
Carassius gibelio,5.44000000000,47.76845000000
Carassius gibelio,6.21000000000,48.67741000000
Carassius gibelio,3.33000000000,45.86183000000
Carassius gibelio,0.86000000000,43.42221000000
Carassius gibelio,3.74000000000,46.56671000000
Carassius gibelio,4.38000000000,47.41078000000
Carassius gibelio,6.31000000000,49.42711000000
Carassius gibelio,0.61000000000,44.19349000000
Carassius gibelio,0.01000000000,43.64340000000
Carassius gibelio,2.23000000000,46.17057000000
Carassius gibelio,3.08000000000,47.02435000000
Carassius gibelio,4.59000000000,48.70049000000
Carassius gibelio,-3.73000000000,40.41885500000
Carassius gibelio,3.69000000000,47.97917000000
Carassius gibelio,0.56000000000,44.85289000000
Carassius gibelio,4.86000000000,49.33435000000
Carassius gibelio,2.13000000000,46.89126000000
Carassius gibelio,3.68000000000,49.13207000000
Carassius gibelio,2.25000000000,47.85067000000
Carassius gibelio,-0.03000000000,45.61777000000
Carassius gibelio,2.90000000000,48.55200000000
Carassius gibelio,1.31000000000,47.54407000000
Carassius gibelio,0.19000000000,46.56581000000
Carassius gibelio,2.11000000000,48.90586000000
Carassius gibelio,0.11000000000,47.22619000000
Carassius gibelio,-1.01000000000,46.31693000000
Carassius gibelio,1.20000000000,48.65368000000
Carassius gibelio,0.16000000000,48.06166000000
Carassius gibelio,2.57000000000,50.53690000000
Carassius gibelio,-0.84000000000,47.34736000000
Carassius gibelio,-1.76000000000,46.95737000000
Carassius gibelio,-0.40000000000,49.09826000000
Carassius gibelio,-1.87000000000,47.70129000000
Carassius gibelio,-1.35000000000,48.28796000000
Carassius gibelio,-2.43000000000,48.62233000000
Carassius gibelio,28.82000000000,50.23177200000
Carassius gibelio,20.54000000000,48.47346100000
Carassius gibelio,3.19000000000,42.00382700000
Carassius gibelio,-6.47000000000,37.13616900000
Carassius gibelio,1.42000000000,50.05056000000
Carassius gibelio,39.59000000000,43.69157600000
Carassius gibelio,35.74000000000,51.05217800000
Carassius gibelio,31.50000000000,48.43993600000
Carassius gibelio,25.89000000000,43.18998500000
Carassius gibelio,21.27000000000,45.80469400000
Carassius gibelio,21.10000000000,47.66761700000
Carassius gibelio,12.28000000000,42.09454000000
Carassius gibelio,19.88000000000,50.02836200000
Carassius gibelio,23.91000000000,54.87124000000
Carassius gibelio,20.45000000000,54.77273200000
Carassius gibelio,8.76000000000,51.40255700000
Carassius gibelio,27.49000000000,53.85535700000
Carassius gibelio,25.36000000000,52.42376300000
Carassius gibelio,25.83000000000,53.60375300000
Carassius gibelio,8.74000000000,45.56323300000
Carassius gibelio,19.50000000000,41.02144500000
Carassius gibelio,18.15000000000,39.86650800000
Carassius gibelio,11.88000000000,45.41335600000
Carassius gibelio,9.88000000000,45.44946300000
Carassius gibelio,8.29000000000,49.49673300000
Carassius gibelio,12.28000000000,55.84338900000
Carassius gibelio,8.30000000000,53.15288900000
Carassius gibelio,-7.35000000000,38.43312800000
Carassius gibelio,-8.70000000000,40.47558500000
Carassius gibelio,37.16000000000,45.34106200000
Carassius gibelio,26.46000000000,42.02261100000
Carassius gibelio,35.09000000000,53.17458100000
Carassius gibelio,20.78000000000,39.72227000000
Carassius gibelio,27.75000000000,50.08702700000
Carassius gibelio,23.62000000000,46.77469800000
Carassius gibelio,19.83000000000,47.35929300000
Carassius gibelio,26.86000000000,54.87962400000
Carassius gibelio,25.30000000000,54.68299300000
Carassius gibelio,25.84000000000,55.58917900000
Carassius gibelio,14.63000000000,47.70440000000
Carassius gibelio,21.18000000000,56.18860600000
Carassius gibelio,13.89000000000,52.01931800000
Carassius gibelio,18.51000000000,59.32610000000
Carassius gibelio,-7.76000000000,39.03895000000
Carassius gibelio,22.92000000000,43.81326200000
Carassius gibelio,21.93000000000,47.05530800000
Carassius gibelio,18.66000000000,47.22927600000
Carassius gibelio,17.23000000000,52.41984900000
Carassius gibelio,10.80000000000,45.16076500000
Carassius gibelio,22.28000000000,60.50148400000
Carassius gibelio,3.67000000000,50.50026000000
Carassius gibelio,20.65000000000,49.57843700000
Carassius gibelio,17.48000000000,49.28876200000
Carassius gibelio,26.44000000000,60.39768500000
Carassius gibelio,24.90000000000,60.18656500000
Carassius gibelio,22.98000000000,59.84827400000
Carassius gibelio,18.68000000000,57.27298000000
Carassius gibelio,21.20000000000,60.86863600000
Carassius gibelio,16.30000000000,56.66822000000
Carassius gibelio,40.33000000000,43.17413500000
Carassius gibelio,37.79000000000,44.67866400000
Carassius gibelio,28.85000000000,41.27675700000
Carassius gibelio,33.62000000000,46.23920000000
Carassius gibelio,35.75000000000,48.58620000000
Carassius gibelio,36.12000000000,50.05971800000
Carassius gibelio,27.63000000000,42.03080600000
Carassius gibelio,34.30000000000,48.70540000000
Carassius gibelio,26.51000000000,41.33653900000
Carassius gibelio,34.59000000000,49.56017500000
Carassius gibelio,23.31000000000,38.40000000000
Carassius gibelio,35.10000000000,50.37533700000
Carassius gibelio,31.14000000000,46.61916400000
Carassius gibelio,31.78000000000,47.27989000000
Carassius gibelio,29.76000000000,45.34018600000
Carassius gibelio,33.46000000000,49.05373000000
Carassius gibelio,30.43000000000,46.05995100000
Carassius gibelio,27.20000000000,42.88311100000
Carassius gibelio,25.67000000000,41.57666700000
Carassius gibelio,28.91000000000,44.86000000000
Carassius gibelio,33.95000000000,50.08771200000
Carassius gibelio,21.37000000000,37.89518600000
Carassius gibelio,30.69000000000,47.27314400000
Carassius gibelio,34.40000000000,51.04662100000
Carassius gibelio,29.96000000000,46.63873800000
Carassius gibelio,34.96000000000,51.71560000000
Carassius gibelio,24.10000000000,41.04800000000
Carassius gibelio,28.41000000000,45.38052500000
Carassius gibelio,26.79000000000,43.89327800000
Carassius gibelio,32.24000000000,49.36793000000
Carassius gibelio,21.22000000000,38.67000000000
Carassius gibelio,22.44000000000,39.99187200000
Carassius gibelio,30.18000000000,47.91155900000
Carassius gibelio,32.92000000000,50.67483300000
Carassius gibelio,33.81000000000,51.63862900000
Carassius gibelio,23.34000000000,41.31071900000
Carassius gibelio,31.22000000000,49.21529700000
Carassius gibelio,32.07000000000,50.15923300000
Carassius gibelio,25.00000000000,43.13492500000
Carassius gibelio,25.84000000000,44.15730000000
Carassius gibelio,21.56000000000,40.05217200000
Carassius gibelio,32.77000000000,51.57492800000
Carassius gibelio,33.38000000000,52.21983100000
Carassius gibelio,31.05000000000,49.98392000000
Carassius gibelio,30.10000000000,49.10775000000
Carassius gibelio,22.30000000000,41.40426000000
Carassius gibelio,31.82000000000,51.06290800000
Carassius gibelio,24.41000000000,43.71291700000
Carassius gibelio,21.64000000000,40.97075000000
Carassius gibelio,23.31000000000,42.66046500000
Carassius gibelio,29.10000000000,48.81799300000
Carassius gibelio,30.07000000000,49.80826600000
Carassius gibelio,27.89000000000,47.79543100000
Carassius gibelio,30.56000000000,50.54597000000
Carassius gibelio,29.24000000000,49.46639000000
Carassius gibelio,31.59000000000,51.83203100000
Carassius gibelio,20.81000000000,41.10409000000
Carassius gibelio,22.34000000000,42.70687200000
Carassius gibelio,21.43000000000,42.00670000000
Carassius gibelio,30.58000000000,51.64611000000
Carassius gibelio,29.59000000000,50.71250500000
Carassius gibelio,26.46000000000,47.69880000000
Carassius gibelio,28.10000000000,49.36706800000
Carassius gibelio,20.57000000000,42.16773000000
Carassius gibelio,21.60000000000,43.21287500000
Carassius gibelio,26.75000000000,48.57528300000
Carassius gibelio,22.69000000000,44.60444400000
Carassius gibelio,20.85000000000,42.88250000000
Carassius gibelio,22.01000000000,44.11558300000
Carassius gibelio,28.60000000000,50.99113900000
Carassius gibelio,25.71000000000,48.16360000000
Carassius gibelio,19.24000000000,42.21891400000
Carassius gibelio,20.72000000000,43.73626100000
Carassius gibelio,20.02000000000,43.27466700000
Carassius gibelio,21.47000000000,44.76338600000
Carassius gibelio,27.27000000000,50.72396200000
Carassius gibelio,27.88000000000,51.51587900000
Carassius gibelio,19.15000000000,43.09140000000
Carassius gibelio,18.37000000000,42.52224000000
Carassius gibelio,26.27000000000,50.51490000000
Carassius gibelio,20.08000000000,44.46394400000
Carassius gibelio,16.20000000000,40.85860400000
Carassius gibelio,26.57000000000,51.56610700000
Carassius gibelio,19.15000000000,44.30755600000
Carassius gibelio,17.80000000000,43.04472000000
Carassius gibelio,25.17000000000,50.45061700000
Carassius gibelio,22.85000000000,48.13460900000
Carassius gibelio,24.05000000000,49.84820700000
Carassius gibelio,19.34000000000,45.15810800000
Carassius gibelio,19.91000000000,46.01179200000
Carassius gibelio,17.53000000000,43.80492000000
Carassius gibelio,22.25000000000,48.62829400000
Carassius gibelio,24.45000000000,50.92069600000
Carassius gibelio,18.07000000000,44.70546000000
Carassius gibelio,16.74000000000,43.53207000000
Carassius gibelio,18.93000000000,45.78083300000
Carassius gibelio,23.66000000000,50.53699700000
Carassius gibelio,22.27000000000,49.51371400000
Carassius gibelio,17.19000000000,45.16581000000
Carassius gibelio,23.33000000000,51.35663600000
Carassius gibelio,15.58000000000,43.89613000000
Carassius gibelio,17.52000000000,45.93655500000
Carassius gibelio,12.93000000000,41.54481100000
Carassius gibelio,19.28000000000,48.07401900000
Carassius gibelio,22.35000000000,51.17601700000
Carassius gibelio,15.51000000000,44.52341000000
Carassius gibelio,23.74000000000,52.84529200000
Carassius gibelio,27.32000000000,56.53373300000
Carassius gibelio,16.32000000000,45.64083000000
Carassius gibelio,21.12000000000,50.48514200000
Carassius gibelio,16.52000000000,46.30882000000
Carassius gibelio,17.28000000000,47.13333300000
Carassius gibelio,22.26000000000,52.10716700000
Carassius gibelio,19.02000000000,49.07346500000
Carassius gibelio,21.38000000000,51.53964700000
Carassius gibelio,15.23000000000,45.48195000000
Carassius gibelio,23.86000000000,54.21354900000
Carassius gibelio,22.20000000000,52.86908900000
Carassius gibelio,22.68000000000,53.48666900000
Carassius gibelio,16.75000000000,47.77000000000
Carassius gibelio,19.81000000000,50.87843600000
Carassius gibelio,12.09000000000,43.17766300000
Carassius gibelio,15.10000000000,46.25554000000
Carassius gibelio,13.91000000000,45.18671000000
Carassius gibelio,20.83000000000,52.13970300000
Carassius gibelio,20.13000000000,51.53753900000
Carassius gibelio,18.36000000000,49.86000000000
Carassius gibelio,26.71000000000,58.37451000000
Carassius gibelio,11.13000000000,42.80221800000
Carassius gibelio,21.08000000000,52.75088600000
Carassius gibelio,22.65000000000,54.34555600000
Carassius gibelio,27.32000000000,59.09494100000
Carassius gibelio,18.62000000000,50.81730800000
Carassius gibelio,23.13000000000,55.35578500000
Carassius gibelio,17.80000000000,50.44163100000
Carassius gibelio,21.27000000000,54.01318900000
Carassius gibelio,16.84000000000,49.80000000000
Carassius gibelio,20.41000000000,53.38179200000
Carassius gibelio,19.54000000000,52.65404200000
Carassius gibelio,18.71000000000,51.88410800000
Carassius gibelio,26.37000000000,59.55163800000
Carassius gibelio,24.35000000000,57.81213100000
Carassius gibelio,23.51000000000,57.01030000000
Carassius gibelio,21.46000000000,55.26420000000
Carassius gibelio,16.98000000000,50.88021400000
Carassius gibelio,17.49000000000,51.49453600000
Carassius gibelio,15.34000000000,49.49000000000
Carassius gibelio,15.93000000000,50.35000000000
Carassius gibelio,19.64000000000,54.09943300000
Carassius gibelio,14.36000000000,49.09000000000
Carassius gibelio,13.66000000000,48.54030300000
Carassius gibelio,17.92000000000,52.95672800000
Carassius gibelio,18.62000000000,53.80881400000
Carassius gibelio,16.05000000000,51.28080300000
Carassius gibelio,10.79000000000,46.03452300000
Carassius gibelio,23.64000000000,58.99737100000
Carassius gibelio,22.95000000000,58.37605000000
Carassius gibelio,18.44000000000,54.71460000000
Carassius gibelio,17.06000000000,53.40450300000
Carassius gibelio,17.50000000000,54.16165800000
Carassius gibelio,14.68000000000,51.35418200000
Carassius gibelio,15.13000000000,51.99835600000
Carassius gibelio,13.41000000000,50.31000000000
Carassius gibelio,12.18000000000,49.46666700000
Carassius gibelio,13.51000000000,50.97980000000
Carassius gibelio,12.39000000000,50.15543500000
Carassius gibelio,16.51000000000,54.45468300000
Carassius gibelio,15.77000000000,53.99576700000
Carassius gibelio,10.61000000000,48.90530000000
Carassius gibelio,12.51000000000,50.80955100000
Carassius gibelio,12.89000000000,51.65130800000
Carassius gibelio,11.00000000000,49.77108100000
Carassius gibelio,9.16000000000,48.77300000000
Carassius gibelio,13.12000000000,53.13085000000
Carassius gibelio,13.73000000000,53.81281200000
Carassius gibelio,10.19000000000,50.33228300000
Carassius gibelio,16.95000000000,57.19361100000
Carassius gibelio,12.01000000000,52.49712100000
Carassius gibelio,10.78000000000,52.41666700000
Carassius gibelio,9.09000000000,50.77428400000
Carassius gibelio,10.15000000000,51.86360500000
Carassius gibelio,12.17000000000,54.08957900000
Carassius gibelio,10.79000000000,53.79656000000
Carassius gibelio,-3.99000000000,39.03330400000
Carassius gibelio,-5.81000000000,37.57878200000
Carassius gibelio,8.67000000000,52.13265800000
Carassius gibelio,7.77000000000,51.71420500000
Carassius gibelio,6.04000000000,50.10420000000
Carassius gibelio,6.96000000000,51.20021800000
Carassius gibelio,4.96000000000,49.97153400000
Carassius gibelio,-0.65000000000,44.90175000000
Carassius gibelio,-9.15000000000,38.84963500000
Carassius gibelio,-7.65000000000,41.11313600000
Carassius gibelio,0.69000000000,51.59886900000
Carassius gibelio,-3.93000000000,47.88210000000
Carassius gibelio,-4.16000000000,50.35013400000
Carassius gibelio,4.75000000000,51.71007800000
Carassius gibelio,-0.60000000000,47.78724000000
Carassius gibelio,4.26000000000,50.78779900000
Carassius gibelio,12.68000000000,51.35352100000
Carassius gibelio,20.51000000000,44.82732200000
Carassius gibelio,3.26000000000,50.84213000000
Carassius gibelio,30.96000000000,51.17359900000
Carassius gibelio,19.25000000000,51.29721100000
Carassius gibelio,6.00000000000,51.41000000000
Carassius gibelio,0.86000000000,47.43985000000
Carassius gibelio,15.72000000000,46.33683000000
Carassius gibelio,18.21000000000,51.55404200000
Carassius gibelio,13.23000000000,51.36218500000
Carassius gibelio,15.23000000000,45.48195000000
Carassius gibelio,32.29000000000,50.74760400000
Carassius gibelio,32.17000000000,51.65147100000
Carassius gibelio,19.26000000000,52.08091700000
Carassius gibelio,25.81000000000,60.41369100000
Carassius gibelio,23.70000000000,59.93588700000
Carassius gibelio,19.82000000000,45.04358300000
Carassius gibelio,4.52000000000,51.47813000000
Carassius gibelio,3.54000000000,51.27808000000
Carassius gibelio,-0.63000000000,46.75809000000
Carassius gibelio,1.83000000000,47.56593000000
Carassius gibelio,16.52000000000,50.57994200000
