species,Dd_long,Dd_lat
Carassius gibelio,-122.66250016700,47.64583316670
Carassius gibelio,-121.40000000000,49.38541666670
Carassius gibelio,-117.12930100000,33.04569900000
Carassius gibelio,-72.67793800000,41.76543800000
Carassius gibelio,-97.48958333330,17.50625000000
Carassius gibelio,-88.30210500000,33.56041666670
Carassius gibelio,-119.45689383300,49.89727283330
Carassius gibelio,-97.32291666670,31.47708333330
Carassius gibelio,-101.94375000000,33.56458333330
Carassius gibelio,-101.95416000000,31.98541666670
Carassius gibelio,-106.19435550000,31.76935550000
Carassius gibelio,-101.57424600000,30.13125000000
Carassius gibelio,-104.04375000000,30.84791666670
Carassius gibelio,-103.64791666700,29.16041666670
Carassius gibelio,-79.18541666670,34.68958333330
Carassius gibelio,-90.11458333330,30.00416666670
Carassius gibelio,-94.63958333330,31.62132400000
Carassius gibelio,-79.79375000000,44.76875000000
Carassius gibelio,-86.64441766670,38.80141566670
Carassius gibelio,-81.59497883330,41.02168783330
Carassius gibelio,-88.07708333330,41.56107000000
Carassius gibelio,-95.18958333330,44.67708333330
Carassius gibelio,-82.29865000000,27.92635000000
Carassius gibelio,-109.47083333300,38.22916666670
Carassius gibelio,-76.94375000000,34.72291666670
Carassius gibelio,-119.21186900000,34.23541666670
Carassius gibelio,-122.77980566700,38.07852766670
Carassius gibelio,-73.54864500000,45.57364500000
Carassius gibelio,-101.89020666700,34.98187333330
Carassius gibelio,-99.66875000000,34.24791666670
Carassius gibelio,-86.63496483330,34.70579816670
Carassius gibelio,-98.96458333330,18.90208333330
Carassius gibelio,-104.92291666700,21.78958333330
Carassius gibelio,-98.96041666670,22.81458333330
Carassius gibelio,-101.27025000000,19.61458333330
Carassius gibelio,-104.96194466700,27.08388866670
Carassius gibelio,-98.04375000000,19.83958333330
Carassius gibelio,-94.55208333330,17.96388900000
Carassius gibelio,-117.69051000000,48.12291666670
Carassius gibelio,-115.43489466700,47.70156133330
Carassius gibelio,-100.46932000000,47.44791666670
Carassius gibelio,-119.34049266700,47.15534066670
Carassius gibelio,-104.72938000000,47.12708333330
Carassius gibelio,-92.77451050000,47.12451050000
Carassius gibelio,-111.58958333300,47.01875000000
Carassius gibelio,-109.62708333300,47.03958333330
Carassius gibelio,-113.93067500000,46.88182500000
Carassius gibelio,-94.30625000000,46.30208333330
Carassius gibelio,-106.65304200000,46.27708333330
Carassius gibelio,-84.10000000000,46.22708333330
Carassius gibelio,-122.85312116700,46.00728783330
Carassius gibelio,-120.69232416700,45.71600916670
Carassius gibelio,-98.50584733330,45.42331933330
Carassius gibelio,-109.58125000000,45.42708333330
Carassius gibelio,-69.21875000000,45.36041666670
Carassius gibelio,-104.37780000000,45.14791666670
Carassius gibelio,-93.24791666670,44.91458333330
Carassius gibelio,-82.35353016670,44.57019683330
Carassius gibelio,-106.75327000000,44.47827000000
Carassius gibelio,-100.22081500000,44.44581500000
Carassius gibelio,-88.24250000000,44.43250000000
Carassius gibelio,-114.66848333300,44.39818333330
Carassius gibelio,-85.42291666670,44.23958333330
Carassius gibelio,-72.65208333330,44.08125000000
Carassius gibelio,-91.66458333330,44.06458333330
Carassius gibelio,-103.68958333300,43.77708333330
Carassius gibelio,-93.36625000000,43.65375000000
Carassius gibelio,-77.80208333330,43.63541666670
Carassius gibelio,-116.19714283300,43.60702383330
Carassius gibelio,-79.59375000000,43.51709000000
Carassius gibelio,-88.06041666670,43.15000000000
Carassius gibelio,-73.74000000000,43.00208333330
Carassius gibelio,-107.53125000000,42.99963000000
Carassius gibelio,-101.24678100000,42.99375000000
Carassius gibelio,-75.51273666670,42.95440333330
Carassius gibelio,-97.61077900000,42.85208333330
Carassius gibelio,-71.29082033330,42.80084633330
Carassius gibelio,-86.15119333330,42.63452666670
Carassius gibelio,-114.40145716700,42.59437616670
Carassius gibelio,-89.68125000000,42.56458333330
Carassius gibelio,-122.66458333300,42.57708333330
Carassius gibelio,-84.37517333330,42.53350666670
Carassius gibelio,-92.35990800000,42.51041666670
Carassius gibelio,-80.09417000000,42.14791666670
Carassius gibelio,-77.09829000000,41.95625000000
Carassius gibelio,-93.68125000000,41.69375000000
Carassius gibelio,-95.92291666670,41.26458333330
Carassius gibelio,-104.83958333300,41.14791666670
Carassius gibelio,-75.73375000000,41.10375000000
Carassius gibelio,-85.43630000000,40.83958333330
Carassius gibelio,-99.07708333330,40.78333333330
Carassius gibelio,-73.61458333330,40.64583333330
Carassius gibelio,-89.77506000000,40.55208333330
Carassius gibelio,-79.94889000000,40.48958333330
Carassius gibelio,-106.81875000000,40.45170000000
Carassius gibelio,-87.10714000000,40.35536000000
Carassius gibelio,-77.21250000000,40.32500000000
Carassius gibelio,-111.79810000000,40.21458333330
Carassius gibelio,-102.48958333300,40.05625000000
Carassius gibelio,-91.54632600000,39.98958333330
Carassius gibelio,-78.71000000000,39.56041666670
Carassius gibelio,-104.22500000000,39.50833333330
Carassius gibelio,-75.59622516670,39.50039183330
Carassius gibelio,-120.72464000000,39.35625000000
Carassius gibelio,-116.65833333300,39.33958333330
Carassius gibelio,-90.18943833330,38.88527166670
Carassius gibelio,-115.00362000000,38.84791666670
Carassius gibelio,-84.96444000000,38.77708333330
Carassius gibelio,-77.00916666670,38.74916666670
Carassius gibelio,-82.82556000000,38.57291666670
Carassius gibelio,-93.80824233330,38.32907566670
Carassius gibelio,-107.73855000000,38.28645000000
Carassius gibelio,-104.13717700000,38.20032300000
Carassius gibelio,-118.91458333300,38.00208333330
Carassius gibelio,-116.55082316700,37.88251016670
Carassius gibelio,-80.33541666670,37.86875000000
Carassius gibelio,-89.51041666670,37.61899000000
Carassius gibelio,-77.99074200000,37.57708333330
Carassius gibelio,-86.18328100000,37.33541666670
Carassius gibelio,-91.97122000000,37.28958333330
Carassius gibelio,-112.96041666700,37.24335400000
Carassius gibelio,-82.37708333330,37.21427500000
Carassius gibelio,-121.68407200000,37.10907200000
Carassius gibelio,-84.34155583330,36.83738916670
Carassius gibelio,-87.97791000000,36.82791000000
Carassius gibelio,-118.02087900000,36.58337900000
Carassius gibelio,-93.63685000000,36.39375000000
Carassius gibelio,-76.78958333330,36.31458333330
Carassius gibelio,-86.67083333330,36.08125000000
Carassius gibelio,-94.98117433330,35.67299233330
Carassius gibelio,-91.33958333330,35.65799000000
Carassius gibelio,-80.57611333330,35.59055333330
Carassius gibelio,-85.04566166670,35.36267166670
Carassius gibelio,-88.19375000000,35.03547800000
Carassius gibelio,-116.56875000000,34.88058000000
Carassius gibelio,-92.60749600000,34.59499600000
Carassius gibelio,-97.09541666670,34.42458333330
Carassius gibelio,-111.66458333300,34.28541666670
Carassius gibelio,-84.02916666670,34.16458333330
Carassius gibelio,-114.42708333300,34.17291666670
Carassius gibelio,-104.72291000000,33.77708333330
Carassius gibelio,-85.52708333330,33.65945800000
Carassius gibelio,-81.69375000000,33.25042500000
Carassius gibelio,-91.09375000000,33.13295100000
Carassius gibelio,-93.52549516670,33.05466183330
Carassius gibelio,-110.78411500000,32.98411500000
Carassius gibelio,-89.52544783330,32.70878116670
Carassius gibelio,-87.22148766670,32.60065433330
Carassius gibelio,-83.49166666670,32.38541666670
Carassius gibelio,-99.36041666670,31.50208333330
Carassius gibelio,-92.00677166670,31.07343833330
Carassius gibelio,-85.24408450000,31.10658450000
Carassius gibelio,-82.35625000000,29.63541666670
Carassius gibelio,-95.12520900000,29.51041666670
Carassius gibelio,-99.24375000000,28.79375000000
Carassius gibelio,-97.47154333330,25.87987666670
Carassius gibelio,-66.46041666670,18.22291666670
Carassius gibelio,-97.53819483330,15.97152816670
Carassius gibelio,-100.79388883300,25.38972216670
Carassius gibelio,-105.08541666700,24.89444400000
Carassius gibelio,-105.49375000000,28.25027800000
Carassius gibelio,-100.62500000000,27.52083333330
Carassius gibelio,-107.93125000000,30.37250000000
Carassius gibelio,-99.78541666670,19.93000000000
Carassius gibelio,-102.58892083300,25.45274583330
Carassius gibelio,-100.39264933300,37.16151733330
Carassius gibelio,-109.58125000000,31.34375000000
Carassius gibelio,-110.53565616700,43.62732283330
Carassius gibelio,-64.39375000000,45.09375000000
Carassius gibelio,-106.64148350000,35.19601650000
Carassius gibelio,-106.16666666700,33.04791666670
Carassius gibelio,-108.22708333300,33.92444000000
Carassius gibelio,-78.89375000000,36.01875000000
Carassius gibelio,-75.65225900000,45.46458333330
Carassius gibelio,-96.98541666670,18.90006400000
Carassius gibelio,-80.21666666670,26.05416666670
Carassius gibelio,-89.64776200000,34.14375000000
Carassius gibelio,-104.37291666700,23.73750000000
Carassius gibelio,-102.59055566700,20.25527766670
Carassius gibelio,-111.44166700000,30.38958333330
Carassius gibelio,-115.27916666700,32.29375000000
Carassius gibelio,-117.26446666700,40.96863333330
Carassius gibelio,-97.93081200000,29.90625000000
Carassius gibelio,-82.33125000000,42.98333000000
Carassius gibelio,-81.32916666670,48.48541666670
Carassius gibelio,-100.73298900000,21.80208333330
Carassius gibelio,-95.04375000000,39.86110000000
Carassius gibelio,-100.81273000000,41.10208333330
Carassius gibelio,-120.71152800000,35.18652800000
Carassius gibelio,-82.53541666670,35.81666666670
Carassius gibelio,-97.28278866670,32.88695533330
Carassius gibelio,-97.03541666670,35.96041666670
Carassius gibelio,-98.85208333330,38.77670000000
Carassius gibelio,-94.82833333330,33.93666666670
Carassius gibelio,-119.86041666700,36.26430100000
Carassius gibelio,-83.02291666670,39.99780000000
Carassius gibelio,-83.63125000000,41.29375000000
Carassius gibelio,-81.48958333330,39.48958333330
Carassius gibelio,-89.84791666670,16.98541666670
Carassius gibelio,-120.96041666700,42.31041666670
Carassius gibelio,-120.86598516700,44.30765183330
Carassius gibelio,-124.22083333300,43.36458333330
Carassius gibelio,-84.07708333330,9.93958333333
Carassius gibelio,-97.82868333330,37.74951666670
Carassius gibelio,-100.48566466700,39.84766866670
Carassius gibelio,-96.19375000000,38.86200000000
Carassius gibelio,-102.93125000000,36.87291666670
Carassius gibelio,-115.90625000000,36.16458333330
Carassius gibelio,-106.09166666700,34.40000000000
Carassius gibelio,-118.02087900000,36.58337900000
Carassius gibelio,-99.07708333330,40.78333333330
Carassius gibelio,-93.52549516670,33.05466183330
