Species,Dd_long,Dd_lat
Carassius  gibelio,43.96314000000,40.77137000000
Carassius  gibelio,44.05757000000,40.19709000000
Carassius  gibelio,44.39038000000,40.01291000000
Carassius  gibelio,44.28064000000,40.06151100000
Carassius  gibelio,45.72612000000,40.20948000000
Carassius  gibelio,45.58048000000,40.18187000000
Carassius  gibelio,45.32488000000,40.15911000000
Carassius  gibelio,44.46225000000,39.98274000000
Carassius  gibelio,44.09006000000,40.07408000000
Carassius  gibelio,44.18458000000,40.12450000000
Carassius  gibelio,44.74506000000,39.74282000000
Carassius  gibelio,46.26442000000,38.89248000000
Carassius  gibelio,44.57748000000,40.22170000000
Carassius  gibelio,44.60515000000,40.06805000000
Carassius  gibelio,44.40123000000,40.11659000000
Carassius  gibelio,43.65665000000,40.11551000000
Carassius  gibelio,43.61657000000,41.06194000000
Carassius  gibelio,44.43420000000,40.50413000000
Carassius  gibelio,43.64329000000,40.55134000000
Carassius  gibelio,43.69493000000,40.59416000000
Carassius  gibelio,43.76133000000,40.69886000000
Carassius  gibelio,43.75605000000,40.85993000000
Carassius  gibelio,45.16009000000,40.42198000000
Carassius  gibelio,44.74549000000,40.50765000000
Carassius  gibelio,45.03651000000,40.50729000000
Carassius  gibelio,44.39026000000,40.44109000000
Carassius  gibelio,46.40586000000,39.33938000000
Carassius  gibelio,45.54558000000,39.71284000000
Carassius  gibelio,45.65307000000,39.79608000000
Carassius  gibelio,44.47800000000,40.15914000000
Carassius  gibelio,45.21542000000,39.73136000000
Carassius  gibelio,43.90646000000,40.66046000000
Carassius  gibelio,45.82100000000,39.65660000000
Carassius  gibelio,45.04996000000,39.80741000000
Carassius  gibelio,44.86422000000,40.73951000000
Carassius  gibelio,44.96054000000,40.75210000000
Carassius  gibelio,44.34617000000,40.28426000000
Carassius  gibelio,45.04784000000,40.79423000000
Carassius  gibelio,45.12092000000,40.84908000000
Carassius  gibelio,44.57346000000,39.88431000000
Carassius  gibelio,44.60780000000,40.18143000000
Carassius  gibelio,45.94140000000,39.56329000000
Carassius  gibelio,46.02471000000,39.51904000000
Carassius  gibelio,44.53886000000,39.96184000000
Carassius  gibelio,46.14296000000,39.46642000000
Carassius  gibelio,44.26832000000,41.17206000000
Carassius  gibelio,45.42793000000,40.91184000000
Carassius  gibelio,45.44420000000,40.80415000000
Carassius  gibelio,44.55316000000,40.95834000000
Carassius  gibelio,44.60689000000,40.95959000000
Carassius  gibelio,45.24290000000,40.19063000000
Carassius  gibelio,44.19479000000,41.21925000000
Carassius  gibelio,45.38443000000,40.96856000000
Carassius  gibelio,45.01621000000,40.71983000000
Carassius  gibelio,43.89297000000,40.53120000000
Carassius  gibelio,45.77776000000,39.68340000000
Carassius  gibelio,45.18667000000,40.97169000000
Carassius  gibelio,44.16478000000,40.84914000000
Carassius  gibelio,44.35965000000,41.03379000000
Carassius  gibelio,44.31013000000,41.08044000000
Carassius  gibelio,44.30401000000,41.02279000000
Carassius  gibelio,45.14348000000,41.06177000000
Carassius  gibelio,44.55191000000,40.62834000000
Carassius  gibelio,44.19323000000,41.05504500000
Carassius  gibelio,44.78666000000,39.94687000000
Carassius  gibelio,44.50030000000,40.80149000000
