species,Dd_long,Dd_lat
Carassius gibelio,34.34000000000,55.22509000000
Carassius gibelio,79.79000000000,55.40456000000
Carassius gibelio,49.37000000000,55.34258700000
Carassius gibelio,85.82000000000,57.19294500000
Carassius gibelio,84.77000000000,56.64335600000
Carassius gibelio,46.54000000000,47.88671400000
Carassius gibelio,44.81000000000,56.47252800000
Carassius gibelio,39.99000000000,56.09292200000
Carassius gibelio,61.27000000000,55.17939300000
Carassius gibelio,46.18000000000,54.17140000000
Carassius gibelio,43.93000000000,53.45670000000
Carassius gibelio,45.22000000000,55.69520000000
Carassius gibelio,43.77000000000,54.61650000000
Carassius gibelio,41.59000000000,52.55910000000
Carassius gibelio,40.47000000000,52.47480000000
Carassius gibelio,41.97000000000,54.41770000000
Carassius gibelio,40.76000000000,53.77400000000
Carassius gibelio,38.92000000000,52.60470000000
Carassius gibelio,37.99000000000,52.91280000000
Carassius gibelio,45.07000000000,53.28755600000
Carassius gibelio,46.64000000000,53.07451700000
Carassius gibelio,83.46000000000,52.76815600000
Carassius gibelio,82.28000000000,53.78237000000
Carassius gibelio,48.28000000000,54.34543600000
Carassius gibelio,50.09000000000,58.52083700000
Carassius gibelio,35.21000000000,44.99401800000
Carassius gibelio,41.74000000000,55.86227900000
Carassius gibelio,39.77000000000,54.64332000000
Carassius gibelio,36.33000000000,54.11897700000
Carassius gibelio,33.88000000000,58.45316500000
Carassius gibelio,30.13000000000,59.69772100000
Carassius gibelio,51.83000000000,55.79124000000
Carassius gibelio,103.67000000000,52.76146000000
Carassius gibelio,56.05000000000,53.46274800000
Carassius gibelio,43.12000000000,51.53713900000
Carassius gibelio,38.85000000000,55.71804100000
Carassius gibelio,36.12000000000,55.29412400000
Carassius gibelio,50.04000000000,53.14062200000
Carassius gibelio,106.49000000000,52.32366300000
Carassius gibelio,81.07000000000,54.06100600000
Carassius gibelio,73.74000000000,61.07766500000
Carassius gibelio,43.20000000000,45.01362700000
Carassius gibelio,48.64000000000,55.99252300000
Carassius gibelio,43.47000000000,56.64195600000
Carassius gibelio,58.15000000000,55.18156200000
Carassius gibelio,48.42000000000,56.90500200000
Carassius gibelio,36.15000000000,51.66265200000
Carassius gibelio,47.06000000000,44.29333400000
Carassius gibelio,46.33000000000,55.49271900000
Carassius gibelio,60.20000000000,55.47744200000
Carassius gibelio,47.71000000000,46.98992000000
Carassius gibelio,39.59000000000,43.69157600000
Carassius gibelio,41.22000000000,57.10066200000
Carassius gibelio,33.48000000000,56.20602800000
Carassius gibelio,85.87000000000,54.02412500000
Carassius gibelio,83.67000000000,53.40606300000
Carassius gibelio,65.45000000000,57.16822100000
Carassius gibelio,50.56000000000,55.63560100000
Carassius gibelio,40.08000000000,50.48929400000
Carassius gibelio,36.04000000000,52.91344300000
Carassius gibelio,35.93000000000,56.84699200000
Carassius gibelio,68.53000000000,58.47768700000
Carassius gibelio,73.22000000000,55.19865000000
Carassius gibelio,58.73000000000,53.25792800000
Carassius gibelio,46.30000000000,51.57687500000
Carassius gibelio,30.39000000000,60.39773800000
Carassius gibelio,112.57000000000,52.06914300000
Carassius gibelio,104.65000000000,51.39525500000
Carassius gibelio,87.19000000000,53.67373700000
Carassius gibelio,47.37000000000,43.41991200000
Carassius gibelio,54.92000000000,51.26894400000
Carassius gibelio,51.77000000000,55.00905100000
Carassius gibelio,43.91000000000,49.24258700000
Carassius gibelio,39.12000000000,45.32420400000
Carassius gibelio,41.03000000000,49.04622700000
Carassius gibelio,37.16000000000,45.34106200000
Carassius gibelio,36.64000000000,50.52945300000
Carassius gibelio,39.56000000000,57.81319300000
Carassius gibelio,38.22000000000,58.05452200000
Carassius gibelio,32.93000000000,58.03775200000
Carassius gibelio,54.70000000000,54.25409900000
Carassius gibelio,55.80000000000,55.60612200000
Carassius gibelio,40.46000000000,47.21142600000
Carassius gibelio,39.16000000000,47.28698500000
Carassius gibelio,32.15000000000,54.76451100000
Carassius gibelio,82.84000000000,54.96735800000
Carassius gibelio,47.69000000000,42.81130800000
Carassius gibelio,42.44000000000,47.20151200000
Carassius gibelio,52.61000000000,58.05548900000
Carassius gibelio,37.62000000000,54.23142400000
Carassius gibelio,31.27000000000,58.49195200000
Carassius gibelio,114.68000000000,50.85931500000
Carassius gibelio,93.00000000000,56.34071700000
Carassius gibelio,85.43000000000,51.90527800000
Carassius gibelio,84.40000000000,52.37123500000
Carassius gibelio,85.97000000000,55.47236300000
Carassius gibelio,70.13000000000,55.37276700000
Carassius gibelio,69.47000000000,56.02718700000
Carassius gibelio,69.11000000000,57.65082900000
Carassius gibelio,66.89000000000,55.79522600000
Carassius gibelio,67.01000000000,57.28974000000
Carassius gibelio,66.03000000000,56.58915500000
Carassius gibelio,69.05000000000,60.96706700000
Carassius gibelio,60.67000000000,53.33349200000
Carassius gibelio,62.03000000000,55.74715400000
Carassius gibelio,60.64000000000,56.92329600000
Carassius gibelio,48.13000000000,45.99691900000
Carassius gibelio,47.12000000000,45.92821400000
Carassius gibelio,55.90000000000,54.81087800000
Carassius gibelio,42.72000000000,43.94041300000
Carassius gibelio,56.32000000000,58.03983700000
Carassius gibelio,44.43000000000,46.28930500000
Carassius gibelio,54.38000000000,56.24810000000
Carassius gibelio,46.85000000000,49.12621900000
Carassius gibelio,45.06000000000,47.46736800000
Carassius gibelio,40.33000000000,43.17430000000
Carassius gibelio,41.97000000000,45.05310800000
Carassius gibelio,42.93000000000,46.08685100000
Carassius gibelio,37.79000000000,44.67866400000
Carassius gibelio,42.64000000000,49.57970000000
Carassius gibelio,45.10000000000,52.46015300000
Carassius gibelio,33.99000000000,44.83690000000
Carassius gibelio,33.62000000000,46.23920000000
Carassius gibelio,38.28000000000,51.36553300000
Carassius gibelio,35.44000000000,50.42579900000
Carassius gibelio,34.96000000000,51.71877700000
Carassius gibelio,34.50000000000,53.44377700000
Carassius gibelio,33.39000000000,52.34292100000
Carassius gibelio,37.57000000000,56.61883700000
Carassius gibelio,52.30779382300,51.77454111700
Carassius gibelio,51.72499084470,49.42665863040
Carassius gibelio,58.62471008300,51.68693542480
Carassius gibelio,75.36070194600,54.05954376300
Carassius gibelio,86.62345886230,49.79902267460
Carassius gibelio,65.76271113150,59.91585352370
Carassius gibelio,48.65646584700,58.33965189040
Carassius gibelio,45.59365081790,50.17271423340
Carassius gibelio,92.20275878910,52.61692810060
Carassius gibelio,72.86135864260,57.42415618900
Carassius gibelio,57.73777008060,61.81776428220
Carassius gibelio,82.66226196290,58.29015350340
Carassius gibelio,78.13090575270,57.07193669220
Carassius gibelio,89.10287743700,57.54972748790
Carassius gibelio,61.66198733340,59.18248754590
Carassius gibelio,59.09934998830,57.23180459930
Carassius gibelio,90.10969543460,61.47442626950
Carassius gibelio,85.73838587020,59.78726739530
Carassius gibelio,80.07667541500,59.43455505370
Carassius gibelio,74.71691044500,59.47851183650
Carassius gibelio,105.71080017100,56.76719665530
Carassius gibelio,103.18156433100,55.50447082520
Carassius gibelio,98.62219238280,58.45998382570
Carassius gibelio,97.35509361060,54.84968064500
Carassius gibelio,81.13752910530,61.19981584010
Carassius gibelio,95.34330749510,52.52359771730
