Species,Dd_long,Dd_lat
Carassius gibelio,99.15625000000,23.67291666670
Carassius gibelio,102.68124966700,25.03541633330
Carassius gibelio,105.94791666700,18.11666700000
Carassius gibelio,113.09791683300,29.33124983330
Carassius gibelio,116.93541666700,36.66458333330
Carassius gibelio,118.33541666700,27.03958333330
Carassius gibelio,118.90208333300,30.93125000000
Carassius gibelio,119.32916666700,26.11875000000
Carassius gibelio,134.00000000000,33.98958333330
Carassius gibelio,143.35416666700,44.34583333330
Carassius gibelio,114.03541666700,22.46875000000
Carassius gibelio,113.40208333300,35.40625000000
Carassius gibelio,126.18958333300,36.82291666670
Carassius gibelio,127.35521333300,38.30104666670
Carassius gibelio,128.23631666700,37.12798333330
Carassius gibelio,128.52064000000,38.32708333330
Carassius gibelio,127.40105000000,35.51355000000
Carassius gibelio,140.84481250000,38.26768750000
Carassius gibelio,105.60405600000,22.40208333330
Carassius gibelio,108.13663450000,16.00086550000
Carassius gibelio,138.88291683300,37.76625016670
Carassius gibelio,138.93958333300,34.69500000000
Carassius gibelio,130.10625000000,33.49583333330
Carassius gibelio,120.17708333300,33.37708333330
Carassius gibelio,101.92291700000,20.21041700000
Carassius gibelio,101.14375000000,21.21666700000
Carassius gibelio,141.13576000000,39.71041666670
Carassius gibelio,136.66882800000,36.65208333330
Carassius gibelio,140.04076583300,39.93659916670
Carassius gibelio,132.96666700000,35.46041666670
Carassius gibelio,140.08233500000,37.48541666670
Carassius gibelio,140.71445033300,35.82721633330
Carassius gibelio,140.67174600000,41.98958333330
Carassius gibelio,141.56226650000,43.11273350000
Carassius gibelio,136.91041666700,35.16041666670
Carassius gibelio,138.45039866700,36.24543466670
Carassius gibelio,119.21875000000,36.77905000000
Carassius gibelio,85.47291666670,38.17000000000
Carassius gibelio,101.76634233300,17.28717566670
Carassius gibelio,103.82986166700,22.32847166670
Carassius gibelio,129.22243000000,35.32291666670
Carassius gibelio,126.49583333300,34.47083333330
Carassius gibelio,143.25777800000,49.47291666670
Carassius gibelio,107.09791683300,25.68124983330
Carassius gibelio,104.98958333300,34.98958333330
Carassius gibelio,111.43750016700,23.22916683330
Carassius gibelio,121.39166666700,31.10625000000
Carassius gibelio,124.40487483300,40.12429183330
Carassius gibelio,104.63487900000,28.76875000000
Carassius gibelio,125.41041666700,38.69375000000
Carassius gibelio,127.94583333300,26.49166666670
Carassius gibelio,114.25625000000,30.56875000000
Carassius gibelio,110.45208333300,19.23958333330
Carassius gibelio,118.73764983300,32.10848316670
Carassius gibelio,98.01875000000,24.67708333330
Carassius gibelio,98.86466700000,25.76875000000
Carassius gibelio,135.43854166700,34.75729166670
Carassius gibelio,120.34833333300,23.18166666670
Carassius gibelio,97.48750000000,40.76458333330
Carassius gibelio,121.09375000000,25.02000000000
Carassius gibelio,104.02708333300,30.62708333330
Carassius gibelio,110.04375000000,40.61666700000
Carassius gibelio,111.63749983300,40.79583316670
Carassius gibelio,108.43125000000,30.83125000000
Carassius gibelio,116.38125000000,39.91666700000
Carassius gibelio,112.26875000000,39.10625000000
Carassius gibelio,99.47277800000,39.98541666670
Carassius gibelio,100.38333333300,37.16666666670
Carassius gibelio,123.72708333300,41.21458333330
Carassius gibelio,141.26875000000,45.11041666670
Carassius gibelio,143.17000000000,46.60585400000
Carassius gibelio,136.90000000000,50.21195100000
Carassius gibelio,133.76000000000,47.85859200000
Carassius gibelio,132.92000000000,42.83732600000
Carassius gibelio,158.66000000000,52.99135800000
Carassius gibelio,129.52000000000,28.31666700000
Carassius gibelio,131.03000000000,30.75777800000
Carassius gibelio,129.88000000000,29.85222200000
Carassius gibelio,132.24000000000,44.96000000000
