Species,Dd_long,Dd_lat
Pseudorasbora parva,44.57748200000,40.22170800000
Pseudorasbora parva,44.09565500000,40.08243400000
Pseudorasbora parva,43.96456000000,40.76702100000
Pseudorasbora parva,44.78041300000,39.74925800000
Pseudorasbora parva,44.48985700000,39.96149800000
Pseudorasbora parva,44.31464100000,40.25629600000
Pseudorasbora parva,44.60654700000,40.06822400000
Pseudorasbora parva,44.24605500000,40.09453900000
Pseudorasbora parva,44.62256200000,39.82421300000
Pseudorasbora parva,45.17129400000,39.72031800000
Pseudorasbora parva,44.44037700000,40.45128700000
Pseudorasbora parva,44.47734900000,40.15924600000
Pseudorasbora parva,45.01358800000,40.76938000000
Pseudorasbora parva,43.89199700000,40.53111800000
Pseudorasbora parva,43.90600700000,40.66068900000
Pseudorasbora parva,43.80150200000,40.80154300000
Pseudorasbora parva,44.98862500000,40.55283200000
Pseudorasbora parva,43.61858600000,41.06025300000
Pseudorasbora parva,45.42909100000,40.91117500000
Pseudorasbora parva,45.14544200000,41.06251900000
Pseudorasbora parva,46.40593700000,39.33882400000
Pseudorasbora parva,46.14773600000,39.46362900000
Pseudorasbora parva,46.35530300000,39.43828600000
Pseudorasbora parva,46.02318800000,39.48297400000
Pseudorasbora parva,45.77651200000,39.68454000000
Pseudorasbora parva,43.64559600000,40.56256100000
Pseudorasbora parva,45.91384000000,39.57895400000
Pseudorasbora parva,44.74572600000,40.50565100000
Pseudorasbora parva,44.55222800000,40.62770200000
Pseudorasbora parva,44.37172300000,41.01823300000
Pseudorasbora parva,44.60709400000,40.95960800000
Pseudorasbora parva,44.19857500000,41.21140000000
Pseudorasbora parva,44.49995800000,40.80186300000
Pseudorasbora parva,44.38372800000,41.52303000000
Pseudorasbora parva,45.98833400000,41.54884700000
Pseudorasbora parva,44.17006200000,41.65801500000
Pseudorasbora parva,41.80841500000,41.91579800000
Pseudorasbora parva,43.52349100000,41.58908800000
Pseudorasbora parva,43.30840000000,42.18698000000
Pseudorasbora parva,41.77824600000,41.80349700000
Pseudorasbora parva,43.56269200000,41.26501100000
Pseudorasbora parva,44.97355000000,42.07706400000
Pseudorasbora parva,46.13047500000,41.76422600000
Pseudorasbora parva,41.97436600000,42.65348700000
Pseudorasbora parva,43.25015300000,41.22871100000
Pseudorasbora parva,45.57617000000,41.98926300000
Pseudorasbora parva,44.70887300000,42.16383800000
Pseudorasbora parva,44.16856800000,41.65980100000
Pseudorasbora parva,45.37107600000,42.05034800000
Pseudorasbora parva,44.31912400000,41.94354300000
Pseudorasbora parva,42.74167700000,42.26933600000
Pseudorasbora parva,43.89832700000,42.09037000000
Pseudorasbora parva,42.25222600000,42.09608100000
Pseudorasbora parva,42.34919500000,42.33658300000
Pseudorasbora parva,41.61052500000,42.33463100000
Pseudorasbora parva,42.94450500000,42.33294800000
Pseudorasbora parva,41.68304800000,41.56440700000
Pseudorasbora parva,45.03401300000,41.39078800000
Pseudorasbora parva,45.13537400000,41.84294100000
Pseudorasbora parva,45.20624200000,41.70893700000
Pseudorasbora parva,44.76171500000,42.06959500000
Pseudorasbora parva,45.88757100000,41.27473100000
Pseudorasbora parva,43.95810400000,41.60404400000
Pseudorasbora parva,45.91514200000,41.75893100000
Pseudorasbora parva,43.65095700000,41.65983900000
Pseudorasbora parva,42.40195400000,42.15986000000
Pseudorasbora parva,43.46698000000,41.46726600000
Pseudorasbora parva,42.64167700000,42.11978900000
