Species,Dd_long,Dd_lat
Pseudorasbora parva,45.02083333330,40.02500000000
Pseudorasbora parva,48.03778107530,42.13778295620
Pseudorasbora parva,33.43125000000,44.57708333330
Pseudorasbora parva,32.84375000000,45.56875000000
Pseudorasbora parva,37.83541666670,46.50625000000
Pseudorasbora parva,38.05833333330,44.68333333330
Pseudorasbora parva,41.21875000000,44.46458333330
Pseudorasbora parva,37.19375000000,52.12708333330
Pseudorasbora parva,39.26458333330,50.85208333330
Pseudorasbora parva,39.36905984330,52.58958333330
Pseudorasbora parva,41.01875000000,47.68541666670
Pseudorasbora parva,43.25833333330,43.03125000000
Pseudorasbora parva,44.18958333330,44.77708333330
Pseudorasbora parva,44.06666666670,48.41041666670
Pseudorasbora parva,45.32708333330,42.50208333330
Pseudorasbora parva,46.53541666670,45.13958333330
Pseudorasbora parva,68.60949160680,55.26782494020
Pseudorasbora parva,68.15625000000,57.93125000000
Pseudorasbora parva,68.98958333330,58.57708333330
Pseudorasbora parva,71.79791666670,58.14791666670
Pseudorasbora parva,72.56875000000,55.31041666670
Pseudorasbora parva,73.90208333330,53.95208333330
Pseudorasbora parva,75.36875000000,54.31458333330
Pseudorasbora parva,75.10208333330,56.51041666670
