Species,Dd_long,Dd_lat
Pseudorasbora parva,121.43958333300,30.78125000000
Pseudorasbora parva,129.41458333300,36.55625000000
Pseudorasbora parva,105.41666715900,31.26458346780
Pseudorasbora parva,118.91189999400,30.60356680440
Pseudorasbora parva,127.35516497700,38.30099837050
Pseudorasbora parva,128.55208333300,38.23125000000
Pseudorasbora parva,126.53912998500,36.98541683590
Pseudorasbora parva,117.12622079800,39.07377938720
Pseudorasbora parva,140.84248703500,38.26875003790
Pseudorasbora parva,142.06875000000,44.80386008020
Pseudorasbora parva,136.92708333300,36.69850002430
Pseudorasbora parva,119.43334236800,31.92082744410
Pseudorasbora parva,140.25208333300,35.25666717610
Pseudorasbora parva,138.88149936200,37.76483358120
Pseudorasbora parva,101.11666705800,21.20208339720
Pseudorasbora parva,101.92327718800,20.21077721460
Pseudorasbora parva,141.28764284300,39.77485723820
Pseudorasbora parva,130.51270802600,33.33125026410
Pseudorasbora parva,132.96666512700,35.46042609860
Pseudorasbora parva,120.35000000000,22.64583333330
Pseudorasbora parva,136.05882952800,35.23800065230
Pseudorasbora parva,130.55708069800,31.22374760570
Pseudorasbora parva,116.61184472900,40.30899023300
Pseudorasbora parva,140.41666999900,35.98958576520
Pseudorasbora parva,109.20676868200,23.79426903480
Pseudorasbora parva,132.05290637900,44.58042716150
Pseudorasbora parva,135.01041666700,48.53990900180
Pseudorasbora parva,129.12708732900,35.26875399600
Pseudorasbora parva,126.54791666700,34.45082430130
Pseudorasbora parva,138.06312697800,49.43687339880
Pseudorasbora parva,143.12708333300,46.62750020240
Pseudorasbora parva,119.02500000000,36.01041666670
Pseudorasbora parva,116.99791666700,32.01458333330
Pseudorasbora parva,112.51041666700,37.60625000000
Pseudorasbora parva,102.52688882300,30.13561154420
Pseudorasbora parva,133.50473226700,45.25360115420
Pseudorasbora parva,101.50085821600,27.42414226820
Pseudorasbora parva,113.50544195000,38.87708346420
Pseudorasbora parva,114.25625000000,30.56875000000
Pseudorasbora parva,113.23609500400,23.10625001640
Pseudorasbora parva,111.29023134100,23.47291719300
Pseudorasbora parva,121.52291666700,29.83486300130
Pseudorasbora parva,114.18125000000,22.44791666670
Pseudorasbora parva,98.66875000000,25.77291666670
Pseudorasbora parva,98.67698897780,24.59801102650
Pseudorasbora parva,138.23125000000,35.12033023260
Pseudorasbora parva,140.05790890700,39.85875823260
Pseudorasbora parva,121.81458333300,24.62000009750
Pseudorasbora parva,121.51041666700,23.58958333330
Pseudorasbora parva,120.16349667500,23.36150489790
Pseudorasbora parva,118.43314697900,24.42898032450
Pseudorasbora parva,118.33541666700,27.03958333330
Pseudorasbora parva,103.87291666700,22.30000000000
Pseudorasbora parva,108.43125000000,30.83125000000
Pseudorasbora parva,112.84375000000,29.17291666670
Pseudorasbora parva,116.93541666700,36.66458333330
Pseudorasbora parva,117.68125000000,28.25000000000
Pseudorasbora parva,119.32916666700,26.11875000000
Pseudorasbora parva,129.86706666700,32.75376666670
Pseudorasbora parva,134.00000000000,33.98958333330
Pseudorasbora parva,143.35416666700,44.34583333330
