Species,Dd_long,Dd_lat
Pseudorasbora parva,5.26972514431,46.25110973650
Pseudorasbora parva,2.20625000000,43.22916666670
Pseudorasbora parva,0.92083333333,48.52500000000
Pseudorasbora parva,4.25625000000,46.98958333330
Pseudorasbora parva,1.80625000000,44.12083333330
Pseudorasbora parva,0.41041666667,47.96458333330
Pseudorasbora parva,-0.85625000000,47.03125000000
Pseudorasbora parva,3.87291666667,48.51458333330
Pseudorasbora parva,2.38958333333,49.15625000000
Pseudorasbora parva,1.95625000000,50.32708333330
Pseudorasbora parva,4.08125000000,45.27708333330
Pseudorasbora parva,0.64375000000,45.97951496270
Pseudorasbora parva,2.00892351545,47.17142359290
Pseudorasbora parva,0.96250000000,46.61875000000
Pseudorasbora parva,1.21144003218,43.38125007110
Pseudorasbora parva,1.63125000000,46.17291666670
Pseudorasbora parva,3.59791666667,47.53382000030
Pseudorasbora parva,3.05606534091,46.81060191370
Pseudorasbora parva,1.26162121725,45.19078823290
Pseudorasbora parva,4.18541666667,43.56768041970
Pseudorasbora parva,-0.15000000000,43.62291666670
Pseudorasbora parva,-1.86781900162,47.70301440260
Pseudorasbora parva,6.26875000000,47.73750000000
Pseudorasbora parva,6.05810915756,48.75439113410
Pseudorasbora parva,-0.94583333333,46.03541666670
Pseudorasbora parva,-0.46822050145,44.69011287350
Pseudorasbora parva,6.39586001316,43.43125005620
Pseudorasbora parva,5.06041666667,43.73750000000
Pseudorasbora parva,3.50625000000,49.41875000000
Pseudorasbora parva,-0.31607813874,48.48958390970
Pseudorasbora parva,5.32500000000,47.77083333330
Pseudorasbora parva,1.72008169788,47.80341525120
Pseudorasbora parva,4.55625000000,44.35416666670
Pseudorasbora parva,2.50208333333,50.86027001290
Pseudorasbora parva,-0.78125000000,47.67708333330
Pseudorasbora parva,4.98958333333,48.78958333330
Pseudorasbora parva,5.88244022234,45.60506029620
Pseudorasbora parva,-1.02275524776,45.38974478130
Pseudorasbora parva,-1.39166666667,43.40416666670
Pseudorasbora parva,4.57553758658,49.50887117960
Pseudorasbora parva,-1.80518998087,46.98541685000
Pseudorasbora parva,3.76041666667,50.14791666670
Pseudorasbora parva,0.30397471021,44.26230945110
Pseudorasbora parva,3.33125000000,45.82416037040
Pseudorasbora parva,4.97500000000,44.99583333330
Pseudorasbora parva,13.39738719210,47.80261285330
Pseudorasbora parva,9.47199299537,52.52800708550
Pseudorasbora parva,17.22041020510,46.47542373630
Pseudorasbora parva,18.81999962150,47.81875119190
Pseudorasbora parva,10.97708333330,49.55000021680
Pseudorasbora parva,18.30232028770,49.71482092230
Pseudorasbora parva,11.08999990790,47.52291667350
Pseudorasbora parva,14.21825166800,49.16924837680
Pseudorasbora parva,17.44791666670,47.24375000000
Pseudorasbora parva,-1.10625000000,54.11875000000
Pseudorasbora parva,20.38428507550,47.55738167170
Pseudorasbora parva,4.88334532416,51.41667877090
Pseudorasbora parva,20.17113643190,48.30386366970
Pseudorasbora parva,5.40000033719,51.96458337010
Pseudorasbora parva,4.18125000000,51.91458333330
Pseudorasbora parva,2.24846310557,41.99737056990
Pseudorasbora parva,0.66299847066,41.05625083620
Pseudorasbora parva,31.80382007970,50.25451354320
Pseudorasbora parva,0.57706307217,49.49373403910
Pseudorasbora parva,5.17997575145,46.89085822090
Pseudorasbora parva,3.19375000000,43.20208333330
Pseudorasbora parva,4.23014371185,45.99681055780
Pseudorasbora parva,7.97924942290,48.86458477530
Pseudorasbora parva,0.29442999412,47.14375024930
Pseudorasbora parva,7.46335991003,47.63002666120
Pseudorasbora parva,1.98608914846,48.43541672540
Pseudorasbora parva,2.42135039120,45.72708374850
Pseudorasbora parva,0.26875000000,45.07078000620
Pseudorasbora parva,2.44587995507,44.74995394450
Pseudorasbora parva,7.03314018803,49.00208339290
Pseudorasbora parva,2.65000000000,47.69791666670
Pseudorasbora parva,7.65871315579,48.25038026180
Pseudorasbora parva,5.18749518670,50.58749574140
Pseudorasbora parva,3.35208333333,51.35208333330
Pseudorasbora parva,3.88715177611,50.80625014790
Pseudorasbora parva,5.74408006839,49.73508682890
Pseudorasbora parva,20.27708333330,43.66041666670
Pseudorasbora parva,18.96458333330,45.84375000000
Pseudorasbora parva,22.48589395880,44.42708334100
Pseudorasbora parva,22.03125000000,42.99547207280
Pseudorasbora parva,20.00497173910,44.28958388560
Pseudorasbora parva,21.68958333330,43.61875000000
Pseudorasbora parva,20.55901594330,42.17151602140
Pseudorasbora parva,20.51010447740,44.98989554880
Pseudorasbora parva,20.06458333330,46.01875000000
Pseudorasbora parva,19.60666747580,45.22708361280
Pseudorasbora parva,21.16272217500,44.25625008640
Pseudorasbora parva,19.23556884800,42.21458875890
Pseudorasbora parva,20.43819224720,52.63125103970
Pseudorasbora parva,18.29123899130,51.72291724350
Pseudorasbora parva,18.48183617370,51.05625077040
Pseudorasbora parva,23.43958333330,51.36610301690
Pseudorasbora parva,21.57708333330,51.60718449330
Pseudorasbora parva,16.72287285860,50.61041830840
Pseudorasbora parva,19.51254989190,51.71458353150
Pseudorasbora parva,18.05208333330,50.41041666670
Pseudorasbora parva,17.20810289720,51.98541675020
Pseudorasbora parva,22.94492206450,52.68841170230
Pseudorasbora parva,26.20268024450,40.89851477530
Pseudorasbora parva,22.34166666670,40.54791666670
Pseudorasbora parva,24.77488899760,41.08541668540
Pseudorasbora parva,21.48125000000,40.25000000680
Pseudorasbora parva,21.02708333330,39.09000071540
Pseudorasbora parva,25.64654595870,41.54238062960
Pseudorasbora parva,22.96401977040,42.93068647890
Pseudorasbora parva,23.26975516350,41.45524498190
Pseudorasbora parva,23.01330593220,43.68958337260
Pseudorasbora parva,25.57310502220,43.60643837120
Pseudorasbora parva,26.56361522830,42.52611599800
Pseudorasbora parva,27.54583273740,42.28541683630
Pseudorasbora parva,23.91661098430,41.93541694810
Pseudorasbora parva,26.74436093450,43.90625016090
Pseudorasbora parva,-1.45576952835,50.99743626660
Pseudorasbora parva,-4.18958333333,51.68541666670
Pseudorasbora parva,-0.86666666667,52.80416666670
Pseudorasbora parva,-2.77708333333,54.36458333330
Pseudorasbora parva,-2.53333333333,53.32916666670
Pseudorasbora parva,-0.92291666667,51.63333333330
Pseudorasbora parva,-2.20416666667,52.63958333330
Pseudorasbora parva,13.53200007410,50.33125013310
Pseudorasbora parva,15.77291666670,50.19375000000
Pseudorasbora parva,16.01458333330,49.37600000080
Pseudorasbora parva,16.77399982000,48.78125345220
Pseudorasbora parva,17.45208333330,49.27708333330
Pseudorasbora parva,13.42334155170,52.51415853890
Pseudorasbora parva,12.21111079370,49.40625033480
Pseudorasbora parva,10.16875000000,50.03541666670
Pseudorasbora parva,10.53333333330,48.93541666670
Pseudorasbora parva,11.64472197250,48.72708334680
Pseudorasbora parva,13.16529999150,48.61458340630
Pseudorasbora parva,12.05343011600,47.82009687230
Pseudorasbora parva,21.60000019390,45.65000009540
Pseudorasbora parva,25.57291666670,44.78333393110
Pseudorasbora parva,15.17158244610,46.60908384750
Pseudorasbora parva,15.64776969340,45.88943637330
Pseudorasbora parva,13.67927857340,45.90011200360
Pseudorasbora parva,18.74745181630,44.92338155450
Pseudorasbora parva,18.51599873430,43.75208420710
Pseudorasbora parva,17.74344995640,44.77291682320
Pseudorasbora parva,16.65749170790,43.75917576700
Pseudorasbora parva,21.74539820470,42.03706495470
Pseudorasbora parva,21.97622937050,41.31373052030
Pseudorasbora parva,16.20658958680,46.56424380840
Pseudorasbora parva,17.75625000000,43.03750000000
Pseudorasbora parva,16.81835005080,45.83958382330
Pseudorasbora parva,17.51547925400,45.38868747730
Pseudorasbora parva,20.81458333330,42.97291666670
Pseudorasbora parva,11.21756216930,46.55327124470
Pseudorasbora parva,9.04264833237,46.01764840820
Pseudorasbora parva,11.24327089530,45.36506274960
Pseudorasbora parva,12.59839238080,45.74422575320
Pseudorasbora parva,11.73000001280,42.25208350000
Pseudorasbora parva,13.84416635980,41.28583336420
Pseudorasbora parva,12.73420120240,41.93246553610
Pseudorasbora parva,11.84194404480,43.51875011690
Pseudorasbora parva,10.61408020140,43.79324690690
Pseudorasbora parva,12.38866484130,42.91783156940
Pseudorasbora parva,12.95222198650,43.76041712320
Pseudorasbora parva,8.33999194785,44.56417475190
Pseudorasbora parva,10.08925784360,45.19407586820
Pseudorasbora parva,10.82916666670,42.78750000000
Pseudorasbora parva,13.78336633560,42.63746824510
Pseudorasbora parva,9.13833167618,45.18125028090
Pseudorasbora parva,12.02416708820,44.97708375830
Pseudorasbora parva,11.80596192070,44.31429527790
Pseudorasbora parva,10.77457031900,44.64540396820
Pseudorasbora parva,7.86546457250,45.18870428140
Pseudorasbora parva,24.99739800570,44.12343610720
Pseudorasbora parva,11.35208333330,51.41327013980
Pseudorasbora parva,11.14807402100,52.85224115990
Pseudorasbora parva,12.13913687040,52.24747024820
Pseudorasbora parva,12.73958333330,51.69791666670
Pseudorasbora parva,13.47291666670,51.17291666670
Pseudorasbora parva,12.52022095200,50.78125006500
Pseudorasbora parva,14.74791666670,51.29791666670
Pseudorasbora parva,8.24555807283,49.60625031040
Pseudorasbora parva,6.80874567510,51.66707911820
Pseudorasbora parva,7.29375000000,52.25158905930
Pseudorasbora parva,8.65580237976,52.10580366350
Pseudorasbora parva,7.92906801176,51.64375013420
Pseudorasbora parva,6.83541666667,50.77291666670
Pseudorasbora parva,8.78780424485,50.86636253110
Pseudorasbora parva,8.72034784152,50.17965226200
Pseudorasbora parva,10.27916666670,57.23541666670
Pseudorasbora parva,5.80625000000,51.09791666670
Pseudorasbora parva,30.82484703070,37.39151385490
Pseudorasbora parva,27.34791666670,37.52916666670
Pseudorasbora parva,8.98541666667,48.69375000000
Pseudorasbora parva,-6.72894649015,33.73355372770
Pseudorasbora parva,24.27291666670,44.68125000000
Pseudorasbora parva,22.58333189010,46.48125085100
Pseudorasbora parva,21.06041666670,40.85208333330
Pseudorasbora parva,23.19851000000,40.66399000000
