Species,Long,Lat
Carassius  gibelio,43.76740504870,41.17589281680
Carassius  gibelio,43.80108687830,41.41647731460
Carassius  gibelio,42.26615778280,41.73886054150
Carassius  gibelio,43.05527493540,41.61375660270
Carassius  gibelio,45.34563935380,41.82065927080
Carassius  gibelio,43.99836616650,41.60894491280
Carassius  gibelio,43.63267772990,41.63300336250
Carassius  gibelio,43.49313872120,41.94576320960
Carassius  gibelio,44.10903503540,41.49827604380
Carassius  gibelio,46.26948382510,40.38196397430
Carassius  gibelio,46.21174354570,39.94891187840
Carassius  gibelio,46.83245154980,39.65539879110
Carassius  gibelio,46.67366578130,40.94012000900
Carassius  gibelio,46.87094506950,40.91606155930
Carassius  gibelio,47.02010745810,40.81501607020
Carassius  gibelio,46.05776946710,40.97380183870
Carassius  gibelio,45.80274989950,41.04597718800
Carassius  gibelio,48.72344570200,39.16941810570
Carassius  gibelio,48.97365357970,39.57841175180
Carassius  gibelio,44.35875000000,40.05409000000
Carassius  gibelio,43.96314000000,40.77137000000
Carassius  gibelio,44.05757000000,40.19709000000
Carassius  gibelio,44.12316000000,40.09683000000
Carassius  gibelio,44.52729000000,40.15433000000
Carassius  gibelio,44.39038000000,40.01291000000
Carassius  gibelio,44.28064000000,40.06151100000
Carassius  gibelio,45.72612000000,40.20948000000
Carassius  gibelio,45.58048000000,40.18187000000
Carassius  gibelio,45.30500000000,40.16002000000
Carassius  gibelio,45.32488000000,40.15911000000
Carassius  gibelio,44.46225000000,39.98274000000
Carassius  gibelio,44.37342000000,40.04478000000
Carassius  gibelio,44.24477000000,40.05500000000
Carassius  gibelio,44.24581000000,40.09302000000
Carassius  gibelio,44.22008000000,40.10438000000
Carassius  gibelio,44.13811000000,40.11371000000
Carassius  gibelio,44.09006000000,40.07408000000
Carassius  gibelio,44.18458000000,40.12450000000
Carassius  gibelio,44.23783000000,40.10777000000
Carassius  gibelio,44.77330000000,39.75450000000
Carassius  gibelio,44.74506000000,39.74282000000
Carassius  gibelio,46.26442000000,38.89248000000
Carassius  gibelio,45.17374000000,39.72108000000
Carassius  gibelio,44.57748000000,40.22170000000
Carassius  gibelio,44.60515000000,40.06805000000
Carassius  gibelio,44.50095000000,39.98495000000
Carassius  gibelio,44.40123000000,40.11659000000
Carassius  gibelio,44.39409000000,40.06004000000
Carassius  gibelio,44.44315000000,40.01860000000
Carassius  gibelio,44.44365000000,39.99159000000
Carassius  gibelio,43.65665000000,40.11551000000
Carassius  gibelio,43.61657000000,41.06194000000
Carassius  gibelio,44.43420000000,40.50413000000
Carassius  gibelio,44.43366000000,40.14494000000
Carassius  gibelio,43.64329000000,40.55134000000
Carassius  gibelio,43.69493000000,40.59416000000
Carassius  gibelio,43.76133000000,40.69886000000
Carassius  gibelio,43.75593000000,40.84032000000
Carassius  gibelio,43.75514000000,40.85508000000
Carassius  gibelio,43.75605000000,40.85993000000
Carassius  gibelio,45.16009000000,40.42198000000
Carassius  gibelio,44.74549000000,40.50765000000
Carassius  gibelio,45.03651000000,40.50729000000
Carassius  gibelio,44.39026000000,40.44109000000
Carassius  gibelio,46.40586000000,39.33938000000
Carassius  gibelio,45.54558000000,39.71284000000
Carassius  gibelio,45.65307000000,39.79608000000
Carassius  gibelio,44.47800000000,40.15914000000
Carassius  gibelio,44.52266000000,40.21995000000
Carassius  gibelio,45.21542000000,39.73136000000
Carassius  gibelio,43.90646000000,40.66046000000
Carassius  gibelio,45.82100000000,39.65660000000
Carassius  gibelio,44.52062000000,40.19753000000
Carassius  gibelio,45.04996000000,39.80741000000
Carassius  gibelio,44.86422000000,40.73951000000
Carassius  gibelio,44.96054000000,40.75210000000
Carassius  gibelio,44.28335000000,41.05757000000
Carassius  gibelio,44.34617000000,40.28426000000
Carassius  gibelio,45.25034000000,40.17951000000
Carassius  gibelio,45.27147000000,40.18586000000
Carassius  gibelio,44.28719000000,41.12291000000
Carassius  gibelio,45.02447000000,40.79095000000
Carassius  gibelio,45.04784000000,40.79423000000
Carassius  gibelio,45.12092000000,40.84908000000
Carassius  gibelio,44.57346000000,39.88431000000
Carassius  gibelio,44.60780000000,40.18143000000
Carassius  gibelio,45.94140000000,39.56329000000
Carassius  gibelio,45.91690000000,39.56791000000
Carassius  gibelio,46.02471000000,39.51904000000
Carassius  gibelio,44.53886000000,39.96184000000
Carassius  gibelio,46.14296000000,39.46642000000
Carassius  gibelio,44.26832000000,41.17206000000
Carassius  gibelio,45.42793000000,40.91184000000
Carassius  gibelio,45.44420000000,40.80415000000
Carassius  gibelio,44.55316000000,40.95834000000
Carassius  gibelio,44.60689000000,40.95959000000
Carassius  gibelio,45.24290000000,40.19063000000
Carassius  gibelio,44.19479000000,41.21925000000
Carassius  gibelio,45.38443000000,40.96856000000
Carassius  gibelio,45.01621000000,40.71983000000
Carassius  gibelio,43.89297000000,40.53120000000
Carassius  gibelio,45.77776000000,39.68340000000
Carassius  gibelio,45.18667000000,40.97169000000
Carassius  gibelio,44.16478000000,40.84914000000
Carassius  gibelio,44.36249000000,41.03551000000
Carassius  gibelio,44.36197000000,41.03298000000
Carassius  gibelio,44.35965000000,41.03379000000
Carassius  gibelio,44.35781000000,41.03735000000
Carassius  gibelio,44.31013000000,41.08044000000
Carassius  gibelio,44.29833000000,41.10725000000
Carassius  gibelio,44.28013000000,41.14067000000
Carassius  gibelio,44.26784000000,41.14749000000
Carassius  gibelio,44.30401000000,41.02279000000
Carassius  gibelio,44.49927000000,40.16137000000
Carassius  gibelio,46.11140000000,39.49710000000
Carassius  gibelio,44.27979000000,41.06832000000
Carassius  gibelio,44.29023000000,41.07651400000
Carassius  gibelio,44.30579000000,41.06479000000
Carassius  gibelio,44.30949000000,41.05237000000
Carassius  gibelio,44.31047000000,41.05609000000
Carassius  gibelio,44.27126000000,41.05372000000
Carassius  gibelio,44.22181000000,41.03766000000
Carassius  gibelio,45.14348000000,41.06177000000
Carassius  gibelio,44.55191000000,40.62834000000
Carassius  gibelio,44.19323000000,41.05504500000
Carassius  gibelio,44.78666000000,39.94687000000
Carassius  gibelio,44.50030000000,40.80149000000
