species,Dd_long,Dd_lat
Carassius gibelio,99.15625,23.67291667
Carassius gibelio,102.6812497,25.03541633
Carassius gibelio,104.0270833,30.62708333
Carassius gibelio,105.9479167,18.116667
Carassius gibelio,108.43125,30.83125
Carassius gibelio,109.58125,19.53333333
Carassius gibelio,110.04375,40.616667
Carassius gibelio,111.6374998,40.79583317
Carassius gibelio,112.26875,39.10625
Carassius gibelio,112.84375,29.17291667
Carassius gibelio,113.0979168,29.33124983
Carassius gibelio,113.266667,23.19791667
Carassius gibelio,116.38125,39.916667
Carassius gibelio,116.9354167,36.66458333
Carassius gibelio,117.0979167,39.09791667
Carassius gibelio,117.68125,28.25
Carassius gibelio,118.033333,27.76875
Carassius gibelio,118.116667,26.86458333
Carassius gibelio,118.3354167,27.03958333
Carassius gibelio,118.9020833,30.93125
Carassius gibelio,119.3291667,26.11875
Carassius gibelio,134,33.98958333
Carassius gibelio,139.36875,35.35
Carassius gibelio,139.9020833,35.733333
Carassius gibelio,143.3541667,44.34583333
Carassius gibelio,114.1083715,22.4791285
Carassius gibelio,130.31875,31.71041667
Carassius gibelio,114.1895833,22.37708333
Carassius gibelio,114.2645833,22.31041667
Carassius gibelio,114.169215,22.51458333
Carassius gibelio,114.163366,22.513366
Carassius gibelio,114.157201,22.480299
Carassius gibelio,114.0354167,22.46875
Carassius gibelio,127.4168117,36.40847833
Carassius gibelio,127.3932667,36.44743333
Carassius gibelio,127.3793233,36.28734333
Carassius gibelio,127.3138277,35.31950567
Carassius gibelio,129.18125,35.66606
Carassius gibelio,127.40625,36.35208333
Carassius gibelio,127.397465,36.334965
Carassius gibelio,129.1729167,35.61496
Carassius gibelio,127.2770833,36.21875
Carassius gibelio,127.3770833,36.22526
Carassius gibelio,129.19577,35.57923
Carassius gibelio,129.1354167,35.56458333
Carassius gibelio,127.3224583,36.25579167
Carassius gibelio,129.1990783,35.65508833
Carassius gibelio,129.1666667,35.60208333
Carassius gibelio,127.2895833,35.05208333
Carassius gibelio,127.2866457,35.05918767
Carassius gibelio,113.4020833,35.40625
Carassius gibelio,129.1232245,37.4857245
Carassius gibelio,129.1159922,37.48265883
Carassius gibelio,129.1416667,35.90625
Carassius gibelio,129.2729167,35.87291667
Carassius gibelio,129.178487,35.81458333
Carassius gibelio,129.4804825,35.7445175
Carassius gibelio,129.1973148,35.84314817
Carassius gibelio,127.826995,35.00625
Carassius gibelio,129.092169,37.48125
Carassius gibelio,126.2604167,36.78333333
Carassius gibelio,126.3433263,36.75165967
Carassius gibelio,127.3244462,36.16611283
Carassius gibelio,126.686398,35.43541667
Carassius gibelio,126.60625,35.49791667
Carassius gibelio,127.7708333,34.66666667
Carassius gibelio,126.275011,36.812511
Carassius gibelio,129.1317372,35.82659617
Carassius gibelio,126.1895833,36.82291667
Carassius gibelio,128.703042,37.65208333
Carassius gibelio,129.229292,35.741792
Carassius gibelio,128.178036,35.58541667
Carassius gibelio,127.5145833,34.91788
Carassius gibelio,126.6625,35.52291667
Carassius gibelio,127.412675,34.850175
Carassius gibelio,126.8972833,36.34438333
Carassius gibelio,127.4440433,34.85237667
Carassius gibelio,127.5229167,34.90213
Carassius gibelio,128.2295693,36.18790267
Carassius gibelio,127.7645833,34.67291667
Carassius gibelio,128.2481767,36.27265667
Carassius gibelio,128.3098617,36.22652833
Carassius gibelio,128.3395833,36.31666667
Carassius gibelio,128.1625,36.26458333
Carassius gibelio,127.88298,36.78958333
Carassius gibelio,127.78323,34.63958333
Carassius gibelio,128.4458333,35.99375
Carassius gibelio,127.4572483,36.29691833
Carassius gibelio,127.51461,34.88961
Carassius gibelio,127.7645833,34.68125
Carassius gibelio,127.4458333,34.85416667
Carassius gibelio,127.4433233,34.85165667
Carassius gibelio,127.47056,34.92291667
Carassius gibelio,127.0874883,36.46667833
Carassius gibelio,128.2854167,35.76266
Carassius gibelio,128.058539,36.033539
Carassius gibelio,128.739081,35.85625
Carassius gibelio,127.3104167,35.8875
Carassius gibelio,128.2347733,36.19310667
Carassius gibelio,128.9332263,35.96655967
Carassius gibelio,128.261875,36.20208333
Carassius gibelio,128.823097,35.38125
Carassius gibelio,128.96875,35.980378
Carassius gibelio,128.915322,35.91875
Carassius gibelio,128.63125,35.91041667
Carassius gibelio,129.4145833,36.55625
Carassius gibelio,128.9209277,35.72509433
Carassius gibelio,128.5604167,36.241603
Carassius gibelio,128.03125,35.989033
Carassius gibelio,128.8877488,35.92891783
Carassius gibelio,128.8645833,35.959117
Carassius gibelio,129.045444,35.99791667
Carassius gibelio,129.356686,36.22708333
Carassius gibelio,127.14375,35.55208333
Carassius gibelio,128.6886737,35.85715967
Carassius gibelio,128.8150443,35.90162233
Carassius gibelio,129.3689762,36.12685717
Carassius gibelio,128.6004973,35.90883067
Carassius gibelio,128.6020833,35.884217
Carassius gibelio,129.2395833,35.937022
Carassius gibelio,128.64675,35.94375
Carassius gibelio,128.700675,36.36041667
Carassius gibelio,128.5528068,35.89864017
Carassius gibelio,127.300847,35.31041667
Carassius gibelio,128.467685,35.832315
Carassius gibelio,127.271268,35.671268
Carassius gibelio,128.6606975,35.8768025
Carassius gibelio,129.2354167,35.571156
Carassius gibelio,128.80625,35.90208333
Carassius gibelio,140.33125,36.00208333
Carassius gibelio,114.196595,22.384095
Carassius gibelio,127.5020833,36.51041667
Carassius gibelio,126.749055,37.863445
Carassius gibelio,126.6482167,36.08511667
Carassius gibelio,127.76627,36.32877
Carassius gibelio,127.55,36.38333333
Carassius gibelio,127.53509,36.51875
Carassius gibelio,127.72203,36.23125
Carassius gibelio,127.27508,36.19375
Carassius gibelio,127.360375,36.885375
Carassius gibelio,127.75919,36.31875
Carassius gibelio,127.71875,36.51306
Carassius gibelio,127.454075,36.683425
Carassius gibelio,127.0170517,36.17121833
Carassius gibelio,126.7404433,37.89877667
Carassius gibelio,126.68898,36.29375
Carassius gibelio,127.7789683,36.67519833
Carassius gibelio,126.96875,36.22284
Carassius gibelio,128.484535,37.084535
Carassius gibelio,126.7729167,37.85208333
Carassius gibelio,127.2154883,35.97382167
Carassius gibelio,127.0770833,38.03159
Carassius gibelio,126.9025017,37.96833167
Carassius gibelio,127.51885,36.09791667
Carassius gibelio,127.2038233,37.04965667
Carassius gibelio,127.572375,36.784875
Carassius gibelio,128.4744,37.18125
Carassius gibelio,126.4792,37.70208333
Carassius gibelio,127.8263083,36.26535833
Carassius gibelio,127.65544,37.29375
Carassius gibelio,127.91289,36.22708333
Carassius gibelio,127.0818783,36.98478833
Carassius gibelio,127.50625,36.57471
Carassius gibelio,127.7520833,36.15208333
Carassius gibelio,127.0270833,37.86458333
Carassius gibelio,127.2520833,36.39578
Carassius gibelio,127.86882,36.83958333
Carassius gibelio,127.3552133,38.30104667
Carassius gibelio,126.8770833,37.78958333
Carassius gibelio,127.6770833,37.53676
Carassius gibelio,127.6333333,37.31666667
Carassius gibelio,127.69375,36.92283
Carassius gibelio,127.2409867,37.37015333
Carassius gibelio,127.226225,37.788725
Carassius gibelio,127.1050233,38.03664333
Carassius gibelio,127.7729167,36.26458333
Carassius gibelio,127.1895833,37.71875
Carassius gibelio,126.7585333,37.75813333
Carassius gibelio,127.5383833,37.33421667
Carassius gibelio,127.1163133,37.54964667
Carassius gibelio,127.0604167,37.94791667
Carassius gibelio,127.3628833,36.51628333
Carassius gibelio,127.0539317,37.73309833
Carassius gibelio,128.3946567,35.99882333
Carassius gibelio,127.0342,37.53541667
Carassius gibelio,127.5395833,37.09103
Carassius gibelio,128.89486,35.13958333
Carassius gibelio,127.76778,36.16458333
Carassius gibelio,127.9632,35.0618
Carassius gibelio,127.93656,36.19375
Carassius gibelio,126.6291667,37.60833333
Carassius gibelio,127.9531617,37.35517167
Carassius gibelio,127.4754567,36.71712333
Carassius gibelio,127.85625,36.87061
Carassius gibelio,126.7555583,35.57360833
Carassius gibelio,127.7073417,36.92400833
Carassius gibelio,127.7546367,37.41619667
Carassius gibelio,127.73352,36.39375
Carassius gibelio,127.43451,36.68451
Carassius gibelio,128.3354167,37.55625
Carassius gibelio,126.9925883,36.51157833
Carassius gibelio,128.15625,37.41268
Carassius gibelio,127.7479167,37.20625
Carassius gibelio,127.99375,36.76087
Carassius gibelio,126.62466,36.49966
Carassius gibelio,127.4916667,37.16041667
Carassius gibelio,127.3479167,37.6098
Carassius gibelio,128.332375,37.230125
Carassius gibelio,127.70625,37.89791667
Carassius gibelio,127.4479167,36.9071
Carassius gibelio,127.45078,36.86041667
Carassius gibelio,127.4932,37.4818
Carassius gibelio,126.7770833,35.71041667
Carassius gibelio,127.26809,37.08059
Carassius gibelio,126.80625,36.10416667
Carassius gibelio,127.82693,36.97708333
Carassius gibelio,127.327565,35.372435
Carassius gibelio,128.32966,37.23125
Carassius gibelio,127.5413367,36.84550333
Carassius gibelio,127.7084733,37.55430667
Carassius gibelio,128.20365,38.17135
Carassius gibelio,126.7833333,35.53333333
Carassius gibelio,127.33309,36.99191
Carassius gibelio,127.27934,37.00208333
Carassius gibelio,128.07963,36.88287
Carassius gibelio,127.96875,37.46583
Carassius gibelio,128.26589,37.26875
Carassius gibelio,127.21875,37.34791667
Carassius gibelio,127.6354167,37.1129
Carassius gibelio,127.4895833,36.96637
Carassius gibelio,126.55625,36.5262
Carassius gibelio,127.00347,35.49791667
Carassius gibelio,127.60106,36.62394
Carassius gibelio,127.65126,36.83541667
Carassius gibelio,127.33538,35.63125
Carassius gibelio,127.85388,37.02888
Carassius gibelio,126.68125,35.51455
Carassius gibelio,127.646245,36.671245
Carassius gibelio,127.8145833,36.35208333
Carassius gibelio,127.84375,36.76698
Carassius gibelio,128.23125,37.15475
Carassius gibelio,127.59398,36.78958333
Carassius gibelio,127.72272,36.48125
Carassius gibelio,127.9508083,36.97164167
Carassius gibelio,127.62335,36.97291667
Carassius gibelio,127.14375,35.55833333
Carassius gibelio,127.7830133,36.79134667
Carassius gibelio,127.97162,36.88125
Carassius gibelio,127.5770833,36.28125
Carassius gibelio,126.69375,35.89375
Carassius gibelio,127.00628,35.86041667
Carassius gibelio,126.9181833,35.49848333
Carassius gibelio,128.1770833,36.99375
Carassius gibelio,126.6916667,35.93333333
Carassius gibelio,127.52751,36.98499
Carassius gibelio,126.9354167,35.85208333
Carassius gibelio,127.82576,37.33958333
Carassius gibelio,126.7625,35.70208333
Carassius gibelio,127.78906,36.17291667
Carassius gibelio,127.5052667,36.90306667
Carassius gibelio,127.51594,35.49791667
Carassius gibelio,127.466185,36.516185
Carassius gibelio,127.6645833,36.47291667
Carassius gibelio,127.5979167,36.98958333
Carassius gibelio,127.67876,36.54126
Carassius gibelio,127.5020833,36.51041667
Carassius gibelio,127.4904083,36.62625833
Carassius gibelio,128.2153033,37.12363667
Carassius gibelio,127.61567,36.25208333
Carassius gibelio,128.08122,37.23125
Carassius gibelio,128.168225,36.906775
Carassius gibelio,127.4834733,36.72069333
Carassius gibelio,127.4860283,37.01936167
Carassius gibelio,128.1729167,37.7207
Carassius gibelio,127.5017417,36.73159167
Carassius gibelio,127.9209067,36.89992667
Carassius gibelio,126.87948,35.96698
Carassius gibelio,127.8081717,36.51233833
Carassius gibelio,127.6106383,36.79397167
Carassius gibelio,127.6753417,36.35450833
Carassius gibelio,126.8666667,37.00625
Carassius gibelio,127.5218433,36.89267667
Carassius gibelio,127.5044633,36.91279667
Carassius gibelio,127.79659,36.84791667
Carassius gibelio,126.6979167,37.63541667
Carassius gibelio,128.18622,36.93541667
Carassius gibelio,128.1145833,36.91458333
Carassius gibelio,127.67848,37.11458333
Carassius gibelio,127.6104167,36.59583333
Carassius gibelio,127.7464967,36.98816333
Carassius gibelio,127.7604167,37.04663
Carassius gibelio,126.9043683,37.70020167
Carassius gibelio,127.8229167,36.27054
Carassius gibelio,127.41539,36.45625
Carassius gibelio,128.0210167,37.13731667
Carassius gibelio,127.78525,36.81458333
Carassius gibelio,127.56511,36.78125
Carassius gibelio,127.7954,36.98125
Carassius gibelio,127.46329,36.94921
Carassius gibelio,127.2265767,35.65675667
Carassius gibelio,127.28698,36.63541667
Carassius gibelio,127.7971533,36.34298667
Carassius gibelio,128.22526,37.12708333
Carassius gibelio,127.72856,36.86875
Carassius gibelio,127.69781,36.91875
Carassius gibelio,127.5990933,36.89492667
Carassius gibelio,127.3699,36.62708333
Carassius gibelio,127.3593017,36.67596833
Carassius gibelio,128.2363167,37.12798333
Carassius gibelio,127.80764,36.62291667
Carassius gibelio,126.55694,36.59791667
Carassius gibelio,127.63748,36.77502
Carassius gibelio,127.9989833,36.76981667
Carassius gibelio,127.82029,36.43125
Carassius gibelio,126.7381217,35.95771167
Carassius gibelio,127.3914383,36.56272833
Carassius gibelio,128.2229167,37.13278
Carassius gibelio,127.7332367,36.54990333
Carassius gibelio,127.4770833,36.65625
Carassius gibelio,127.6104167,36.52214
Carassius gibelio,127.55874,36.56458333
Carassius gibelio,126.8759583,37.55320833
Carassius gibelio,127.7326217,36.66321167
Carassius gibelio,126.5979167,35.52708333
Carassius gibelio,127.7008983,36.45923167
Carassius gibelio,127.548375,36.960875
Carassius gibelio,127.43108,36.93541667
Carassius gibelio,127.8145833,36.4375
Carassius gibelio,127.8216533,36.21748667
Carassius gibelio,127.34375,36.60625
Carassius gibelio,127.07533,35.89791667
Carassius gibelio,127.7324633,36.70920333
Carassius gibelio,128.29982,37.19982
Carassius gibelio,127.6330467,37.07528667
Carassius gibelio,126.97298,35.89791667
Carassius gibelio,127.8799833,37.10081667
Carassius gibelio,127.74213,36.99791667
Carassius gibelio,127.8979167,36.99375
Carassius gibelio,126.9479167,37.31379
Carassius gibelio,127.71099,37.05208333
Carassius gibelio,126.90625,35.78958333
Carassius gibelio,127.3592567,36.91157667
Carassius gibelio,126.66875,35.58125
Carassius gibelio,127.3039583,36.61270833
Carassius gibelio,127.35986,36.62764
Carassius gibelio,127.8145833,36.43216
Carassius gibelio,127.91951,36.93958333
Carassius gibelio,127.60031,37.05625
Carassius gibelio,127.93125,36.96875
Carassius gibelio,127.8306,36.81458333
Carassius gibelio,127.58132,36.78958333
Carassius gibelio,127.4576083,35.42844167
Carassius gibelio,126.6625,35.91666667
Carassius gibelio,127.92062,36.97708333
Carassius gibelio,126.71973,35.56973
Carassius gibelio,127.00833,35.49791667
Carassius gibelio,126.9395833,35.87099
Carassius gibelio,127.7785,37.56041667
Carassius gibelio,127.6343983,36.15726833
Carassius gibelio,127.73288,36.92708333
Carassius gibelio,127.7645833,37.664
Carassius gibelio,126.9551183,35.98654833
Carassius gibelio,127.20087,35.56337
Carassius gibelio,126.9842383,35.73242833
Carassius gibelio,126.7038,35.43541667
Carassius gibelio,127.9671133,37.75044667
Carassius gibelio,128.9479167,37.76041667
Carassius gibelio,128.107325,37.992675
Carassius gibelio,126.9625,35.84375
Carassius gibelio,127.8145833,36.16875
Carassius gibelio,128.90625,37.73125
Carassius gibelio,127.6045967,37.07126333
Carassius gibelio,127.6623567,36.39152333
Carassius gibelio,126.5359167,35.45991667
Carassius gibelio,127.7854167,36.54539
Carassius gibelio,126.6979167,35.92708333
Carassius gibelio,128.19375,37.26196
Carassius gibelio,126.89195,35.76041667
Carassius gibelio,127.4557517,35.80991833
Carassius gibelio,126.9395833,35.87291667
Carassius gibelio,127.75347,36.92153
Carassius gibelio,126.818565,35.718935
Carassius gibelio,127.68454,36.13125
Carassius gibelio,128.3466467,36.99918667
Carassius gibelio,127.5145833,35.64296
Carassius gibelio,127.42537,36.68125
Carassius gibelio,126.8395833,35.72916667
Carassius gibelio,126.92761,35.90261
Carassius gibelio,127.39629,36.16621
Carassius gibelio,127.69375,36.93014
Carassius gibelio,126.8270833,35.84917
Carassius gibelio,127.28829,34.61041667
Carassius gibelio,128.3887,37.05625
Carassius gibelio,126.78125,35.72708333
Carassius gibelio,128.199875,37.074875
Carassius gibelio,126.6666667,35.39375
Carassius gibelio,126.97102,35.44375
Carassius gibelio,127.59453,36.46875
Carassius gibelio,126.3604167,37.76041667
Carassius gibelio,128.3438383,37.06032833
Carassius gibelio,126.8395833,35.72916667
Carassius gibelio,127.44482,36.99268
Carassius gibelio,127.54375,35.75113
Carassius gibelio,127.162015,35.975485
Carassius gibelio,127.18073,35.81927
Carassius gibelio,127.5520833,36.72708333
Carassius gibelio,127.43737,35.87291667
Carassius gibelio,127.9145833,36.78916
Carassius gibelio,126.85783,35.81875
Carassius gibelio,127.2081017,37.89976833
Carassius gibelio,128.52064,38.32708333
Carassius gibelio,127.6916667,36.07916667
Carassius gibelio,128.08385,37.09791667
Carassius gibelio,126.5645833,35.59583333
Carassius gibelio,126.75625,35.95208333
Carassius gibelio,127.6538367,36.62949667
Carassius gibelio,127.605095,37.032405
Carassius gibelio,128.0479167,38.0375
Carassius gibelio,128.4145833,37.09791667
Carassius gibelio,127.40105,35.51355
Carassius gibelio,127.67938,36.92708333
Carassius gibelio,127.4979167,37.00833333
Carassius gibelio,127.1476167,35.48928333
Carassius gibelio,127.68257,35.84243
Carassius gibelio,127.34375,36.60625
Carassius gibelio,127.3104167,37.42826
Carassius gibelio,126.9895833,35.60545
Carassius gibelio,126.83116,35.81041667
Carassius gibelio,126.8020833,35.76458333
Carassius gibelio,127.10625,35.92653
Carassius gibelio,126.81875,37.32649
Carassius gibelio,127.04043,35.79375
Carassius gibelio,126.74375,35.64528
Carassius gibelio,127.1520833,35.6675
Carassius gibelio,127.966495,36.903995
Carassius gibelio,127.51046,36.98546
Carassius gibelio,127.96454,37.02296
Carassius gibelio,128.5520833,38.23125
Carassius gibelio,127.3275867,35.31925333
Carassius gibelio,127.77243,36.90993
Carassius gibelio,128.19089,37.06041667
Carassius gibelio,126.77876,35.74126
Carassius gibelio,127.71604,37.10625
Carassius gibelio,127.3333333,36.62916667
Carassius gibelio,128.1164867,37.13315333
Carassius gibelio,126.825,36.00416667
Carassius gibelio,127.5616317,36.30920167
Carassius gibelio,127.69064,36.93436
Carassius gibelio,127.74489,36.65625
Carassius gibelio,127.41942,36.49442
Carassius gibelio,127.6118417,35.50350833
Carassius gibelio,128.3395833,37.14802
Carassius gibelio,126.99375,35.72708333
Carassius gibelio,127.9261117,37.11972167
Carassius gibelio,127.38289,35.50625
Carassius gibelio,127.9163733,37.08720667
Carassius gibelio,127.5229167,36.94971
Carassius gibelio,127.8853933,37.05622667
Carassius gibelio,127.4625,36.57916667
Carassius gibelio,128.0257417,38.10490833
Carassius gibelio,127.62728,35.41875
Carassius gibelio,127.2449,37.20208333
Carassius gibelio,127.6145833,36.8194
Carassius gibelio,127.3291667,36.64166667
Carassius gibelio,128.92582,37.76875
Carassius gibelio,128.23125,37.14987
Carassius gibelio,127.7797,36.17291667
Carassius gibelio,127.44471,36.86041667
Carassius gibelio,128.0270833,36.1506
Carassius gibelio,127.62658,36.25208333
Carassius gibelio,128.4979167,35.88125
Carassius gibelio,127.05625,37.85208333
Carassius gibelio,127.8395833,36.8194
Carassius gibelio,128.6729167,35.87291667
Carassius gibelio,128.1009133,36.91575333
Carassius gibelio,127.5541667,36.93125
Carassius gibelio,127.0479167,35.45833333
Carassius gibelio,128.2020833,37.11891
Carassius gibelio,127.91245,37.08541667
Carassius gibelio,127.9589967,37.74933667
Carassius gibelio,128.1875583,37.07089167
Carassius gibelio,127.2626183,36.91654833
Carassius gibelio,128.1983283,37.13166167
Carassius gibelio,127.4020833,37.22291667
Carassius gibelio,127.7545,37.11041667
Carassius gibelio,126.3935633,37.72310333
Carassius gibelio,126.94375,37.1125
Carassius gibelio,127.7229167,36.48904
Carassius gibelio,127.54947,36.93125
Carassius gibelio,127.74896,37.78958333
Carassius gibelio,126.4446483,37.81548167
Carassius gibelio,126.83256,37.82994
Carassius gibelio,127.5875,37.1375
Carassius gibelio,128.35679,37.10208333
Carassius gibelio,128.26875,36.50092
Carassius gibelio,127.63476,36.68541667
Carassius gibelio,127.5229167,36.7
Carassius gibelio,127.125,37.0125
Carassius gibelio,127.48125,36.26458333
Carassius gibelio,127.3275567,37.70577667
Carassius gibelio,128.4145833,37.10625
Carassius gibelio,127.090755,37.528255
Carassius gibelio,126.91651,37.53541667
Carassius gibelio,126.4791667,37.74791667
Carassius gibelio,128.035795,35.901705
Carassius gibelio,126.9645833,37.27708333
Carassius gibelio,127.65818,36.63958333
Carassius gibelio,127.469765,36.519765
Carassius gibelio,127.45,37.27916667
Carassius gibelio,126.8020833,37.42916667
Carassius gibelio,128.0854167,37.10639
Carassius gibelio,127.5395833,37.04086
Carassius gibelio,129.22787,35.98541667
Carassius gibelio,127.2229167,37.93541667
Carassius gibelio,127.96949,36.15625
Carassius gibelio,127.2490617,38.01572833
Carassius gibelio,127.39726,37.21875
Carassius gibelio,126.7791667,37.33125
Carassius gibelio,128.0409283,36.02426167
Carassius gibelio,127.06875,37.51923
Carassius gibelio,126.6995183,37.75464833
Carassius gibelio,128.57964,35.90625
Carassius gibelio,127.26981,37.00208333
Carassius gibelio,127.39276,37.12291667
Carassius gibelio,127.0087,37.08958333
Carassius gibelio,127.7479167,37.43125
Carassius gibelio,128.2800133,36.61165333
Carassius gibelio,127.9979167,37.2885
Carassius gibelio,127.60625,37.49637
Carassius gibelio,127.43035,36.98125
Carassius gibelio,127.1979167,37.74407
Carassius gibelio,127.0514033,37.90973667
Carassius gibelio,128.3891983,35.75246833
Carassius gibelio,126.7666667,37.34583333
Carassius gibelio,127.625,37.20208333
Carassius gibelio,128.1229167,36.18125
Carassius gibelio,127.28286,37.89791667
Carassius gibelio,127.6583333,37.15
Carassius gibelio,127.2639167,37.40558333
Carassius gibelio,128.49174,36.26458333
Carassius gibelio,126.81875,37.3221
Carassius gibelio,128.1595033,36.91966333
Carassius gibelio,126.6270833,35.76875
Carassius gibelio,126.6583333,37.73541667
Carassius gibelio,128.78586,36.30625
Carassius gibelio,127.42728,37.21875
Carassius gibelio,127.3479167,37.1625
Carassius gibelio,126.8426517,37.37818167
Carassius gibelio,128.6002467,35.92058667
Carassius gibelio,127.59264,37.13236
Carassius gibelio,126.82015,37.76041667
Carassius gibelio,127.9895833,38.07083333
Carassius gibelio,128.4604167,36.65625
Carassius gibelio,127.78376,36.91041667
Carassius gibelio,127.429465,37.116965
Carassius gibelio,127.3104167,37.11642
Carassius gibelio,127.3270833,37.97166
Carassius gibelio,127.7368667,36.65896667
Carassius gibelio,127.58056,36.44306
Carassius gibelio,128.1229167,36.06458333
Carassius gibelio,128.6669217,36.42891167
Carassius gibelio,127.2114717,37.90313833
Carassius gibelio,127.2058767,37.89754333
Carassius gibelio,126.7541667,37.68958333
Carassius gibelio,129.2604167,36.82548
Carassius gibelio,128.3979167,37.37708333
Carassius gibelio,126.50271,37.73541667
Carassius gibelio,126.8208333,37.475
Carassius gibelio,126.827425,36.135075
Carassius gibelio,127.3709,37.16875
Carassius gibelio,127.31479,37.47291667
Carassius gibelio,126.70625,37.4375
Carassius gibelio,126.8926367,37.29680333
Carassius gibelio,127.15,37.37916667
Carassius gibelio,127.05061,37.09375
Carassius gibelio,127.2979167,37.47283
Carassius gibelio,128.4166667,35.775
Carassius gibelio,127.3354167,37.34985
Carassius gibelio,127.3508617,36.39497167
Carassius gibelio,126.53913,36.98541667
Carassius gibelio,127.6604167,35.90416667
Carassius gibelio,127.5548017,37.23396833
Carassius gibelio,127.18782,36.65032
Carassius gibelio,126.85722,37.93125
Carassius gibelio,126.8157683,36.77410167
Carassius gibelio,128.38665,37.42708333
Carassius gibelio,127.54132,37.24132
Carassius gibelio,127.0666667,37.125
Carassius gibelio,127.1440933,36.94757333
Carassius gibelio,128.6858,36.1517
Carassius gibelio,127.0854167,37.18782
Carassius gibelio,127.5423367,37.34650333
Carassius gibelio,128.5575283,36.84663833
Carassius gibelio,127.3395833,37.17291667
Carassius gibelio,127.19375,37.94836
Carassius gibelio,127.0633817,37.28245167
Carassius gibelio,126.8995367,37.94629667
Carassius gibelio,129.05811,36.43125
Carassius gibelio,127.0270833,37.01677
Carassius gibelio,128.5700833,36.56591667
Carassius gibelio,126.9541667,37.22916667
Carassius gibelio,127.20472,37.27708333
Carassius gibelio,127.86137,36.67291667
Carassius gibelio,129.46875,36.73125
Carassius gibelio,126.96875,37.9
Carassius gibelio,127.2038533,37.04968667
Carassius gibelio,127.60625,37.48655
Carassius gibelio,128.52029,36.32708333
Carassius gibelio,128.5546633,35.98700333
Carassius gibelio,127.4667933,37.27512667
Carassius gibelio,126.4854167,36.46875
Carassius gibelio,127.20625,37.98721
Carassius gibelio,126.717335,36.842335
Carassius gibelio,127.1770833,36.1625
Carassius gibelio,126.76568,37.50208333
Carassius gibelio,126.8145833,37.63125
Carassius gibelio,127.2507,37.1993
Carassius gibelio,127.25833,36.94791667
Carassius gibelio,127.6145833,37.27805
Carassius gibelio,127.2083333,36.87916667
Carassius gibelio,127.5375,37.13333333
Carassius gibelio,127.05625,36.93958333
Carassius gibelio,127.5104167,37.29157
Carassius gibelio,126.4458333,36.88125
Carassius gibelio,126.9145833,38.02556
Carassius gibelio,128.71789,36.17291667
Carassius gibelio,127.9564633,37.34770333
Carassius gibelio,126.6270833,36.95208333
Carassius gibelio,126.88017,37.84791667
Carassius gibelio,127.0979167,37.25625
Carassius gibelio,127.6457317,37.48760167
Carassius gibelio,126.53125,35.46981
Carassius gibelio,127.1452983,36.79113167
Carassius gibelio,126.9895833,37.02291667
Carassius gibelio,126.8832717,36.63743833
Carassius gibelio,126.6125,37.65625
Carassius gibelio,127.1020833,37.72083333
Carassius gibelio,129.367485,36.407515
Carassius gibelio,126.4125,37.69583333
Carassius gibelio,126.8160333,37.82436667
Carassius gibelio,126.99375,36.79963
Carassius gibelio,127.44375,37.23579
Carassius gibelio,127.32103,37.71647
Carassius gibelio,126.86875,37.61418
Carassius gibelio,127.0333333,37.775
Carassius gibelio,126.6083333,37.7125
Carassius gibelio,127.0958333,37.42708333
Carassius gibelio,127.4770833,37.0875
Carassius gibelio,126.66336,37.53664
Carassius gibelio,126.7979167,37.80208333
Carassius gibelio,127.54944,37.09791667
Carassius gibelio,127.2175717,37.92173833
Carassius gibelio,126.831925,37.594425
Carassius gibelio,127.4820967,37.85123667
Carassius gibelio,126.87955,36.13295
Carassius gibelio,129.025,36.80208333
Carassius gibelio,126.689195,36.560805
Carassius gibelio,127.32115,37.01875
Carassius gibelio,127.2268817,36.99354833
Carassius gibelio,127.87078,35.19791667
Carassius gibelio,126.68296,36.60625
Carassius gibelio,128.78125,35.1244
Carassius gibelio,127.49446,37.49375
Carassius gibelio,126.93345,36.81875
Carassius gibelio,126.6354167,36.53708
Carassius gibelio,126.8479183,37.78124833
Carassius gibelio,127.14375,36.27382
Carassius gibelio,127.0354167,36.87916667
Carassius gibelio,126.805355,36.217855
Carassius gibelio,127.493575,37.681425
Carassius gibelio,126.80767,36.45208333
Carassius gibelio,127.3229167,37.24474
Carassius gibelio,126.5458333,36.88125
Carassius gibelio,126.7208333,37.74375
Carassius gibelio,126.475,36.56041667
Carassius gibelio,126.56875,36.4125
Carassius gibelio,126.942215,36.882785
Carassius gibelio,126.5645833,36.45208333
Carassius gibelio,127.30275,38.07225
Carassius gibelio,126.7645833,37.55207
Carassius gibelio,127.13125,36.48958333
Carassius gibelio,126.74375,36.60416667
Carassius gibelio,126.798355,36.414145
Carassius gibelio,126.30103,36.70208333
Carassius gibelio,127.06571,36.78958333
Carassius gibelio,126.7963367,36.24949667
Carassius gibelio,127.3229167,37.24166667
Carassius gibelio,126.68665,36.72291667
Carassius gibelio,127.0508583,36.18419167
Carassius gibelio,127.3223017,36.16396833
Carassius gibelio,126.2208333,36.84375
Carassius gibelio,126.84932,36.18541667
Carassius gibelio,127.5999683,37.02080167
Carassius gibelio,126.85721,36.30625
Carassius gibelio,126.7354167,36.46875
Carassius gibelio,127.0334967,36.76233667
Carassius gibelio,126.6979167,36.50833333
Carassius gibelio,127.3805583,37.51110833
Carassius gibelio,126.55,36.98541667
Carassius gibelio,127.0729167,36.11875
Carassius gibelio,126.5958333,36.30208333
Carassius gibelio,126.66925,36.50575
Carassius gibelio,126.6833333,36.02083333
Carassius gibelio,126.7105867,36.66475333
Carassius gibelio,126.2375,36.75
Carassius gibelio,127.2229167,36.06875
Carassius gibelio,126.66875,36.03125
Carassius gibelio,127.29944,36.75625
Carassius gibelio,126.3833333,36.71458333
Carassius gibelio,126.8658017,36.60746833
Carassius gibelio,126.3524617,36.79337167
Carassius gibelio,98.86166667,24.97833333
Carassius gibelio,99.08,24.23958333
Carassius gibelio,113.68125,29.97
Carassius gibelio,98.84916667,25.85916667
Carassius gibelio,140.8448125,38.2676875
Carassius gibelio,114.2604167,22.375
Carassius gibelio,116.39375,40.013748
Carassius gibelio,114.2005835,22.3880835
Carassius gibelio,119.4318333,31.92233333
Carassius gibelio,105.604056,22.40208333
Carassius gibelio,108.1366345,16.0008655
Carassius gibelio,126.980214,37.57291667
Carassius gibelio,138.8829168,37.76625017
Carassius gibelio,138.9395833,34.695
Carassius gibelio,139.5604167,36.26875
Carassius gibelio,114.1270833,22.53958333
Carassius gibelio,126.7520833,37.938007
Carassius gibelio,126.4785127,36.77017933
Carassius gibelio,130.10625,33.4993
Carassius gibelio,130.10625,33.49583333
Carassius gibelio,130.10625,33.49583333
Carassius gibelio,120.1770833,33.37708333
Carassius gibelio,101.922917,20.210417
Carassius gibelio,101.14375,21.216667
Carassius gibelio,141.13576,39.71041667
Carassius gibelio,140.692015,41.99791667
Carassius gibelio,139.064714,37.93125
Carassius gibelio,130.512708,33.33125
Carassius gibelio,140.7736822,35.76534883
Carassius gibelio,134.151459,35.50208333
Carassius gibelio,135.74394,35.50606
Carassius gibelio,137.10625,36.74583333
Carassius gibelio,139.0435013,37.88566533
Carassius gibelio,136.668828,36.65208333
Carassius gibelio,129.8678292,32.75300417
Carassius gibelio,135.9270833,35.113999
Carassius gibelio,140.502532,35.90625
Carassius gibelio,141.3270833,40.787616
Carassius gibelio,139.0574797,36.38835367
Carassius gibelio,135.8979167,35.563477
Carassius gibelio,140.0407658,39.93659917
Carassius gibelio,138.87543,35.42291667
Carassius gibelio,135.9270833,35.123985
Carassius gibelio,139.0446635,36.6196635
Carassius gibelio,138.744552,35.50625
Carassius gibelio,138.9362672,35.60956617
Carassius gibelio,140.584586,35.89375
Carassius gibelio,137.9820067,37.10132667
Carassius gibelio,132.966667,35.46041667
Carassius gibelio,140.082335,37.48541667
Carassius gibelio,140.7144503,35.82721633
Carassius gibelio,140.7062848,35.83538183
Carassius gibelio,121.1645833,23.01458333
Carassius gibelio,121.776042,24.71458333
Carassius gibelio,121.1707573,22.97090933
Carassius gibelio,121.559714,24.902786
Carassius gibelio,121.2229963,23.11882967
Carassius gibelio,121.5305378,24.93612883
Carassius gibelio,120.905652,22.41041667
Carassius gibelio,120.1645833,23.01041667
Carassius gibelio,120.599241,24.10208333
Carassius gibelio,136.1854167,35.450859
Carassius gibelio,140.671746,41.98958333
Carassius gibelio,135.88125,35.061256
Carassius gibelio,135.86875,35.01458333
Carassius gibelio,135.93125,35.066119
Carassius gibelio,141.5622665,43.1127335
Carassius gibelio,136.9104167,35.16041667
Carassius gibelio,134.6970783,34.80541167
Carassius gibelio,133.8895833,35.47934
Carassius gibelio,138.4503987,36.24543467
Carassius gibelio,139.0050592,35.21577417
Carassius gibelio,130.7044377,32.79610433
Carassius gibelio,113.236095,23.10625
Carassius gibelio,120.5748878,31.29177883
Carassius gibelio,119.21875,36.77905
Carassius gibelio,128.137825,36.212175
Carassius gibelio,128.9780867,36.01774667
Carassius gibelio,128.4554825,36.3804825
Carassius gibelio,128.203168,36.43958333
Carassius gibelio,128.19375,36.460168
Carassius gibelio,114.122922,22.51458333
Carassius gibelio,114.1479167,22.49194
Carassius gibelio,114.1151507,22.51818267
Carassius gibelio,121.6979167,24.72708333
Carassius gibelio,140.361727,35.98958333
Carassius gibelio,136.0604167,35.23958333
Carassius gibelio,116.6145667,40.30626667
Carassius gibelio,85.54791667,38.13
Carassius gibelio,128.7125,35.28333333
Carassius gibelio,85.68125,38.44791667
Carassius gibelio,85.47291667,38.17
Carassius gibelio,101.7663423,17.28717567
Carassius gibelio,140.416667,35.98958333
Carassius gibelio,103.8298617,22.32847167
Carassius gibelio,102.3958333,25.17916667
Carassius gibelio,132.05625,44.75
Carassius gibelio,131.9979167,44.802778
Carassius gibelio,132.100556,44.85625
Carassius gibelio,126.9979167,37.50208333
Carassius gibelio,126.5020833,36.63125
Carassius gibelio,126.8395833,37.724244
Carassius gibelio,126.76875,37.74791667
Carassius gibelio,126.88355,34.75208333
Carassius gibelio,126.6694655,35.3055345
Carassius gibelio,127.5691697,35.98583633
Carassius gibelio,128.9520833,36.30208333
Carassius gibelio,127.8145833,38.284928
Carassius gibelio,129.21065,35.32291667
Carassius gibelio,126.6645833,35.31355
Carassius gibelio,126.838669,34.74791667
Carassius gibelio,126.8992448,34.79507817
Carassius gibelio,129.2333333,35.37291667
Carassius gibelio,126.792519,37.74791667
Carassius gibelio,128.7457527,36.15008067
Carassius gibelio,129.2333333,35.37291667
Carassius gibelio,127.85625,38.18541667
Carassius gibelio,126.8433808,34.79828583
Carassius gibelio,126.68125,35.22291667
Carassius gibelio,129.1708333,35.23541667
Carassius gibelio,128.9576638,36.22849717
Carassius gibelio,129.17061,35.23541667
Carassius gibelio,128.9644055,36.2980945
Carassius gibelio,129.2041667,35.28958333
Carassius gibelio,129.1125,35.34583333
Carassius gibelio,129.22243,35.32291667
Carassius gibelio,129.1092483,35.30508167
Carassius gibelio,128.0604167,36.05
Carassius gibelio,129.1185967,35.33973667
Carassius gibelio,128.1024947,36.08166133
Carassius gibelio,128.13125,36.11875
Carassius gibelio,128.2875,36.06666667
Carassius gibelio,128.1145833,36.08958333
Carassius gibelio,128.093916,36.08125
Carassius gibelio,128.2375,36.09375
Carassius gibelio,128.2375,36.09375
Carassius gibelio,128.0916667,36.08125
Carassius gibelio,128.095767,36.08125
Carassius gibelio,128.4416667,36.09375
Carassius gibelio,126.5354167,34.39375
Carassius gibelio,126.4958333,34.47083333
Carassius gibelio,128.4916667,36.10833333
Carassius gibelio,128.53125,36.09791667
Carassius gibelio,126.4958333,34.47083333
Carassius gibelio,126.5479167,34.473887
Carassius gibelio,126.50625,34.36875
Carassius gibelio,126.39375,35.20416667
Carassius gibelio,126.39375,35.20416667
Carassius gibelio,128.4416667,36.09375
Carassius gibelio,128.58125,36.134305
Carassius gibelio,128.5770833,36.175271
Carassius gibelio,127.5083333,38.10833333
Carassius gibelio,126.5444462,34.42638717
Carassius gibelio,127.01417,37.60625
Carassius gibelio,120.29375,22.57708333
Carassius gibelio,141.01875,38.91458333
Carassius gibelio,141.0166667,38.93333333
Carassius gibelio,141.028333,38.92708333
Carassius gibelio,141.025833,38.92708333
Carassius gibelio,141.023417,38.898417
Carassius gibelio,141.0005415,38.8994585
Carassius gibelio,141.0145833,38.91041667
Carassius gibelio,140.9979167,38.91875
Carassius gibelio,141.0163888,38.91222217
Carassius gibelio,141.0253335,38.9003335
Carassius gibelio,141.003986,38.891486
Carassius gibelio,140.9875,38.90208333
Carassius gibelio,140.991417,38.91875
Carassius gibelio,143.257778,49.47291667
Carassius gibelio,142.7729167,47.43541667
Carassius gibelio,142.7729167,47.43541667
Carassius gibelio,114.2475158,22.35584917
Carassius gibelio,107.0979168,25.68124983
Carassius gibelio,104.9895833,34.98958333
Carassius gibelio,111.4375002,23.22916683
Carassius gibelio,121.3916667,31.10625
Carassius gibelio,139.34375,35.42291667
Carassius gibelio,114.2166667,22.25
Carassius gibelio,114.175,22.45208333
Carassius gibelio,124.4048748,40.12429183
Carassius gibelio,127.889171,37.689171
Carassius gibelio,120.2976713,22.58100467
Carassius gibelio,129.4520833,28.23125
Carassius gibelio,127.70625,37.88958333
Carassius gibelio,103.6552082,30.63437483
Carassius gibelio,120.920784,23.85625
Carassius gibelio,103.763209,29.549291
Carassius gibelio,104.634879,28.76875
Carassius gibelio,125.4104167,38.69375
Carassius gibelio,121.4354167,25.16041667
Carassius gibelio,137.3893685,34.7731315
Carassius gibelio,121.79409,24.71458333
Carassius gibelio,139.0729167,35.356667
Carassius gibelio,127.9458333,26.49166667
Carassius gibelio,109.58125,19.53333333
Carassius gibelio,114.25625,30.56875
Carassius gibelio,113.251802,23.11041667
Carassius gibelio,141.54375,40.52708333
Carassius gibelio,120.1854167,22.99166667
Carassius gibelio,121.4895833,25.03125
Carassius gibelio,110.4520833,19.23958333
Carassius gibelio,116.3015897,40.00575633
Carassius gibelio,120.265717,30.28958333
Carassius gibelio,111.290231,23.47291667
Carassius gibelio,118.7376498,32.10848317
Carassius gibelio,98.548278,25.58125
Carassius gibelio,98.01875,24.67708333
Carassius gibelio,98.877611,24.54375
Carassius gibelio,98.77291667,24.63958333
Carassius gibelio,98.677056,24.597944
Carassius gibelio,98.66386117,24.60697217
Carassius gibelio,98.64375,24.664139
Carassius gibelio,98.64375,24.543778
Carassius gibelio,98.26675017,25.34158317
Carassius gibelio,98.67708333,24.894444
Carassius gibelio,98.591667,25.28541667
Carassius gibelio,98.864667,25.76875
Carassius gibelio,98.8745,25.71458333
Carassius gibelio,134.7604167,35.654167
Carassius gibelio,134.7604167,35.645833
Carassius gibelio,134.8354167,35.63958333
Carassius gibelio,134.7604167,35.63958333
Carassius gibelio,134.7572917,35.63645833
Carassius gibelio,134.8395833,35.629167
Carassius gibelio,134.81875,35.62708333
Carassius gibelio,134.7520833,35.61458333
Carassius gibelio,134.8322918,35.60937483
Carassius gibelio,134.7520833,35.620833
Carassius gibelio,134.8302083,35.61145833
Carassius gibelio,134.7520833,35.6125
Carassius gibelio,134.80625,35.60625
Carassius gibelio,134.7520833,35.60625
Carassius gibelio,134.8020833,35.595833
Carassius gibelio,134.8052083,35.58645833
Carassius gibelio,134.7020833,35.645833
Carassius gibelio,134.68125,35.62708333
Carassius gibelio,134.6270833,35.620833
Carassius gibelio,134.6322915,35.6052085
Carassius gibelio,134.61875,35.62708333
Carassius gibelio,134.6177082,35.62187483
Carassius gibelio,134.48125,35.62291667
Carassius gibelio,134.4552082,35.62812517
Carassius gibelio,134.4677085,35.6197915
Carassius gibelio,134.4760417,35.61770833
Carassius gibelio,134.4781248,35.60104183
Carassius gibelio,134.4822918,35.59687483
Carassius gibelio,134.8270833,35.554167
Carassius gibelio,134.7927085,35.5552085
Carassius gibelio,134.85625,35.55208333
Carassius gibelio,134.8406248,35.54895817
Carassius gibelio,134.8322918,35.54687483
Carassius gibelio,134.7885418,35.54062483
Carassius gibelio,134.8354167,35.5375
Carassius gibelio,134.8395833,35.520833
Carassius gibelio,134.7614582,35.52812483
Carassius gibelio,134.8531252,35.50729183
Carassius gibelio,134.8177085,35.5052085
Carassius gibelio,134.73125,35.58125
Carassius gibelio,134.59375,35.56458333
Carassius gibelio,134.58125,35.55625
Carassius gibelio,134.5645833,35.545833
Carassius gibelio,134.5729167,35.504167
Carassius gibelio,134.48125,35.56458333
Carassius gibelio,134.46875,35.55625
Carassius gibelio,134.9322917,35.46354167
Carassius gibelio,134.91875,35.45625
Carassius gibelio,134.9020833,35.445833
Carassius gibelio,134.946875,35.440625
Carassius gibelio,134.8614582,35.49062483
Carassius gibelio,134.8395833,35.495833
Carassius gibelio,134.8395833,35.495833
Carassius gibelio,134.8177082,35.49687483
Carassius gibelio,134.8031248,35.49895817
Carassius gibelio,134.86875,35.49375
Carassius gibelio,134.7895833,35.4875
Carassius gibelio,134.8677082,35.47812517
Carassius gibelio,134.8145833,35.48541667
Carassius gibelio,134.7895833,35.479167
Carassius gibelio,134.8677085,35.4697915
Carassius gibelio,134.8708333,35.46666667
Carassius gibelio,134.84375,35.46458333
Carassius gibelio,134.8697915,35.4552085
Carassius gibelio,134.7770833,35.45625
Carassius gibelio,134.7781252,35.44270817
Carassius gibelio,134.79375,35.43541667
Carassius gibelio,134.7385418,35.45937517
Carassius gibelio,134.58125,35.50208333
Carassius gibelio,134.578125,35.484375
Carassius gibelio,134.89375,35.34791667
Carassius gibelio,134.79375,35.41875
Carassius gibelio,134.7854167,35.39791667
Carassius gibelio,134.8197917,35.38645833
Carassius gibelio,134.7895833,35.3875
Carassius gibelio,134.8145833,35.379167
Carassius gibelio,134.76875,35.37291667
Carassius gibelio,134.7552082,35.34687483
Carassius gibelio,134.8604167,35.3375
Carassius gibelio,134.8479167,35.34375
Carassius gibelio,134.728125,35.365625
Carassius gibelio,134.7072917,35.36145833
Carassius gibelio,134.7052085,35.3552085
Carassius gibelio,134.69375,35.34791667
Carassius gibelio,135.1593752,35.25104183
Carassius gibelio,135.1322917,35.23645833
Carassius gibelio,135.1354167,35.229167
Carassius gibelio,135.1354167,35.220833
Carassius gibelio,135.1302085,35.2052085
Carassius gibelio,135.1260415,35.2010415
Carassius gibelio,135.1229167,35.179167
Carassius gibelio,135.0052085,35.2447915
Carassius gibelio,135.03125,35.23125
Carassius gibelio,135.01875,35.23541667
Carassius gibelio,135.10625,35.19791667
Carassius gibelio,135.04375,35.18958333
Carassius gibelio,135.05,35.18958333
Carassius gibelio,135.1197918,35.17812517
Carassius gibelio,135.1229167,35.170833
Carassius gibelio,135.321875,35.109375
Carassius gibelio,135.3145833,35.095833
Carassius gibelio,135.18125,35.15208333
Carassius gibelio,135.1572918,35.14687483
Carassius gibelio,135.14375,35.14791667
Carassius gibelio,135.1958333,35.11666667
Carassius gibelio,135.1802085,35.1052085
Carassius gibelio,135.1708333,35.10625
Carassius gibelio,135.1729167,35.0875
Carassius gibelio,135.15625,35.08125
Carassius gibelio,135.1229167,35.1625
Carassius gibelio,135.10625,35.16875
Carassius gibelio,135.04375,35.15208333
Carassius gibelio,135.0468752,35.14895817
Carassius gibelio,135.0302082,35.14687483
Carassius gibelio,135.05625,35.13958333
Carassius gibelio,135.0260417,35.14270833
Carassius gibelio,135.0854167,35.120833
Carassius gibelio,135.3302082,35.07812517
Carassius gibelio,135.2552082,35.07187483
Carassius gibelio,135.2822918,35.05312517
Carassius gibelio,135.3072918,35.02812517
Carassius gibelio,135.23125,35.07291667
Carassius gibelio,135.2156252,35.08229183
Carassius gibelio,135.1427085,35.0802085
Carassius gibelio,135.2302082,35.07187483
Carassius gibelio,135.2270833,35.06875
Carassius gibelio,135.2229167,35.0625
Carassius gibelio,135.225,35.04583333
Carassius gibelio,135.19375,35.03958333
Carassius gibelio,135.18125,35.03541667
Carassius gibelio,135.1729167,35.02916667
Carassius gibelio,135.1520833,35.0125
Carassius gibelio,135.1520833,35.004167
Carassius gibelio,135.1302085,35.0052085
Carassius gibelio,135.06875,35.08541667
Carassius gibelio,135.04375,35.08125
Carassius gibelio,135.0260415,35.0760415
Carassius gibelio,135.0145833,35.06875
Carassius gibelio,134.9989585,35.0614585
Carassius gibelio,135.0927082,35.00312517
Carassius gibelio,135.3770833,34.92916667
Carassius gibelio,135.2697918,34.97187483
Carassius gibelio,135.3229167,34.9625
Carassius gibelio,135.2697915,34.9552085
Carassius gibelio,135.2729167,34.945833
Carassius gibelio,135.3395833,34.9375
Carassius gibelio,135.3479167,34.92708333
Carassius gibelio,135.2104167,34.98125
Carassius gibelio,135.1979167,34.979167
Carassius gibelio,135.1104167,34.97291667
Carassius gibelio,135.2395833,34.97291667
Carassius gibelio,135.2145833,34.97291667
Carassius gibelio,135.18125,34.97708333
Carassius gibelio,135.1604167,34.96875
Carassius gibelio,135.2104167,34.94166667
Carassius gibelio,135.1656252,34.94270817
Carassius gibelio,135.19375,34.93541667
Carassius gibelio,135.1802083,34.93645833
Carassius gibelio,135.20625,34.93541667
Carassius gibelio,135.2010418,34.91562483
Carassius gibelio,135.1927085,34.9197915
Carassius gibelio,135.18125,34.92291667
Carassius gibelio,135.1708333,34.92291667
Carassius gibelio,135.00625,34.98541667
Carassius gibelio,135.08125,34.92291667
Carassius gibelio,135.0291667,34.95416667
Carassius gibelio,135.115625,34.940625
Carassius gibelio,135.40625,34.89375
Carassius gibelio,135.3822918,34.89687483
Carassius gibelio,135.39375,34.88125
Carassius gibelio,135.38125,34.88125
Carassius gibelio,135.3979167,34.870833
Carassius gibelio,135.4229167,34.8375
Carassius gibelio,135.3052083,34.91145833
Carassius gibelio,135.2770833,34.91041667
Carassius gibelio,135.2760417,34.89270833
Carassius gibelio,135.2520833,34.88958333
Carassius gibelio,135.2802083,34.86145833
Carassius gibelio,135.2520833,34.8625
Carassius gibelio,135.30625,34.85625
Carassius gibelio,135.29375,34.86041667
Carassius gibelio,135.2520833,34.8625
Carassius gibelio,135.20625,34.91041667
Carassius gibelio,135.2052083,34.91145833
Carassius gibelio,135.19375,34.91875
Carassius gibelio,135.1281252,34.90729183
Carassius gibelio,135.23125,34.88541667
Carassius gibelio,135.1958333,34.87291667
Carassius gibelio,135.13125,34.88541667
Carassius gibelio,135.2479167,34.87291667
Carassius gibelio,135.21875,34.87291667
Carassius gibelio,135.20625,34.87291667
Carassius gibelio,135.1572918,34.87187483
Carassius gibelio,135.2354167,34.8625
Carassius gibelio,135.1427083,34.86354167
Carassius gibelio,135.2354167,34.854167
Carassius gibelio,135.2197918,34.85312517
Carassius gibelio,135.2354167,34.845833
Carassius gibelio,135.2156248,34.84895817
Carassius gibelio,135.1718752,34.84895817
Carassius gibelio,135.240625,34.834375
Carassius gibelio,135.1791667,34.84166667
Carassius gibelio,135.03125,34.91875
Carassius gibelio,135.00625,34.91875
Carassius gibelio,135.1020833,34.895833
Carassius gibelio,135.0947918,34.87812517
Carassius gibelio,135.03125,34.88541667
Carassius gibelio,135.09375,34.87708333
Carassius gibelio,135.0822915,34.8697915
Carassius gibelio,135.0770833,34.86041667
Carassius gibelio,135.0520833,34.85208333
Carassius gibelio,135.4229167,34.82708333
Carassius gibelio,135.4177082,34.82187483
Carassius gibelio,135.4197915,34.8052085
Carassius gibelio,135.3770833,34.804167
Carassius gibelio,135.43125,34.80208333
Carassius gibelio,135.3770833,34.79791667
Carassius gibelio,135.4270833,34.7875
Carassius gibelio,135.4270833,34.779167
Carassius gibelio,135.3729167,34.779167
Carassius gibelio,135.4270833,34.770833
Carassius gibelio,135.3770833,34.76875
Carassius gibelio,135.4447917,34.75104167
Carassius gibelio,135.4385417,34.75729167
Carassius gibelio,135.4322917,34.76354167
Carassius gibelio,135.3760417,34.76770833
Carassius gibelio,135.4479167,34.74791667
Carassius gibelio,135.4427082,34.75312517
Carassius gibelio,135.4145833,34.75625
Carassius gibelio,135.334375,34.815625
Carassius gibelio,135.3677085,34.7947915
Carassius gibelio,135.3729167,34.779167
Carassius gibelio,135.2270833,34.82291667
Carassius gibelio,135.15625,34.81875
Carassius gibelio,135.14375,34.81875
Carassius gibelio,135.134375,34.815625
Carassius gibelio,135.1916667,34.76875
Carassius gibelio,135.1572917,34.76354167
Carassius gibelio,135.14375,34.76458333
Carassius gibelio,135.134375,34.765625
Carassius gibelio,135.0791667,34.83541667
Carassius gibelio,135.05625,34.83125
Carassius gibelio,135.0302082,34.82812517
Carassius gibelio,135.0218752,34.82604183
Carassius gibelio,135.04375,34.82708333
Carassius gibelio,135.11875,34.81875
Carassius gibelio,135.0927083,34.81354167
Carassius gibelio,135.0895833,34.80625
Carassius gibelio,135.0218752,34.79895817
Carassius gibelio,135.06875,34.78958333
Carassius gibelio,135.10625,34.76875
Carassius gibelio,135.11875,34.76458333
Carassius gibelio,135.109375,34.765625
Carassius gibelio,135.0156252,34.74479183
Carassius gibelio,135.4406252,34.75520817
Carassius gibelio,135.4104167,34.745833
Carassius gibelio,135.38125,34.73958333
Carassius gibelio,135.3770833,34.745833
Carassius gibelio,135.4520833,34.7375
Carassius gibelio,135.4145833,34.73541667
Carassius gibelio,135.45625,34.73125
Carassius gibelio,135.38125,34.729167
Carassius gibelio,135.35625,34.73541667
Carassius gibelio,135.4270833,34.71041667
Carassius gibelio,135.4145833,34.72708333
Carassius gibelio,135.35625,34.73541667
Carassius gibelio,135.2697918,34.72187483
Carassius gibelio,135.1927083,34.71145833
Carassius gibelio,135.159375,34.690625
Carassius gibelio,135.1510417,34.69479167
Carassius gibelio,135.1239582,34.67187517
Carassius gibelio,135.08125,34.74791667
Carassius gibelio,135.06875,34.74791667
Carassius gibelio,135.04375,34.75208333
Carassius gibelio,135.0072917,34.73645833
Carassius gibelio,135.0031252,34.73229183
Carassius gibelio,135.05,34.725
Carassius gibelio,135.046875,34.721875
Carassius gibelio,135.04375,34.71875
Carassius gibelio,135.03125,34.71458333
Carassius gibelio,135.01875,34.70625
Carassius gibelio,135.08125,34.69791667
Carassius gibelio,135.06875,34.69791667
Carassius gibelio,135.0031248,34.69895817
Carassius gibelio,135.0614583,34.69479167
Carassius gibelio,135.0322918,34.67812517
Carassius gibelio,135.0770833,34.670833
Carassius gibelio,135.03125,34.67708333
Carassius gibelio,134.9041667,35.32291667
Carassius gibelio,134.88125,35.30208333
Carassius gibelio,134.85625,35.33125
Carassius gibelio,134.8447915,35.3197915
Carassius gibelio,134.8395833,35.304167
Carassius gibelio,134.8395833,35.29791667
Carassius gibelio,134.828125,35.290625
Carassius gibelio,134.7552083,35.28645833
Carassius gibelio,134.8052085,35.2552085
Carassius gibelio,134.99375,35.24791667
Carassius gibelio,134.8052085,35.2447915
Carassius gibelio,134.8447917,35.18645833
Carassius gibelio,134.9895833,35.104167
Carassius gibelio,134.9947917,35.08854167
Carassius gibelio,134.7885415,35.1510415
Carassius gibelio,134.58125,35.09791667
Carassius gibelio,134.4406252,35.10729183
Carassius gibelio,134.9302083,35.06145833
Carassius gibelio,134.934375,35.040625
Carassius gibelio,134.9604167,35.02708333
Carassius gibelio,134.9854167,35.02291667
Carassius gibelio,134.9166667,35.0125
Carassius gibelio,134.9947917,35.01354167
Carassius gibelio,134.9854167,35.02291667
Carassius gibelio,134.9135418,35.00937517
Carassius gibelio,134.9072915,35.0052085
Carassius gibelio,134.76875,35.03958333
Carassius gibelio,134.7572918,35.02187483
Carassius gibelio,134.7145833,35.079167
Carassius gibelio,134.7447917,35.06354167
Carassius gibelio,134.6385418,35.00937517
Carassius gibelio,134.5770833,35.054167
Carassius gibelio,134.5572917,35.03645833
Carassius gibelio,134.5552082,35.02812517
Carassius gibelio,134.51875,35.01458333
Carassius gibelio,134.5322915,35.0052085
Carassius gibelio,134.4479167,35.054167
Carassius gibelio,134.4625,35.00416667
Carassius gibelio,134.36875,35.03541667
Carassius gibelio,134.9677085,34.9947915
Carassius gibelio,134.9145833,34.995833
Carassius gibelio,134.8968752,34.99895817
Carassius gibelio,134.9947917,34.98854167
Carassius gibelio,134.9145833,34.98958333
Carassius gibelio,134.9729167,34.970833
Carassius gibelio,134.95625,34.96458333
Carassius gibelio,134.93125,34.96875
Carassius gibelio,134.8875,34.95416667
Carassius gibelio,134.94375,34.93125
Carassius gibelio,134.9927085,34.9197915
Carassius gibelio,134.9843752,34.92395817
Carassius gibelio,134.95625,34.92708333
Carassius gibelio,134.9427082,34.92187483
Carassius gibelio,134.8072915,34.9947915
Carassius gibelio,134.7854167,34.98125
Carassius gibelio,134.803125,34.990625
Carassius gibelio,134.7583333,34.98541667
Carassius gibelio,134.76875,34.98125
Carassius gibelio,134.8333333,34.96458333
Carassius gibelio,134.78125,34.97708333
Carassius gibelio,134.7645833,34.970833
Carassius gibelio,134.8552082,34.95312517
Carassius gibelio,134.7520833,34.95208333
Carassius gibelio,134.8520833,34.95625
Carassius gibelio,134.7531248,34.94895817
Carassius gibelio,134.775,34.94166667
Carassius gibelio,134.8645833,34.929167
Carassius gibelio,134.8302082,34.92812517
Carassius gibelio,134.8229167,34.93541667
Carassius gibelio,134.7479167,34.929167
Carassius gibelio,134.6718752,34.97395817
Carassius gibelio,134.6354167,34.970833
Carassius gibelio,134.75625,34.95625
Carassius gibelio,134.68125,34.96458333
Carassius gibelio,134.725,34.9375
Carassius gibelio,134.6854167,34.94791667
Carassius gibelio,134.6802083,34.93854167
Carassius gibelio,134.7322915,34.9302085
Carassius gibelio,134.64375,34.92708333
Carassius gibelio,134.6427082,34.92812517
Carassius gibelio,134.6552082,34.92187483
Carassius gibelio,134.6041667,34.98541667
Carassius gibelio,134.5447917,34.98645833
Carassius gibelio,134.5479167,34.9625
Carassius gibelio,134.5822915,34.9552085
Carassius gibelio,134.5479167,34.954167
Carassius gibelio,134.5854167,34.95208333
Carassius gibelio,134.50625,34.93958333
Carassius gibelio,134.5552085,34.9302085
Carassius gibelio,134.5218748,34.93229183
Carassius gibelio,134.4479167,34.98958333
Carassius gibelio,134.46875,34.95625
Carassius gibelio,134.4572918,34.94687483
Carassius gibelio,134.490625,34.940625
Carassius gibelio,134.3510417,34.96770833
Carassius gibelio,134.3427082,34.94687483
Carassius gibelio,134.8895833,34.91458333
Carassius gibelio,134.9427085,34.9052085
Carassius gibelio,134.9343748,34.90729183
Carassius gibelio,134.9604167,34.88541667
Carassius gibelio,134.9395833,34.89791667
Carassius gibelio,134.8822918,34.89687483
Carassius gibelio,134.95625,34.88541667
Carassius gibelio,134.9885418,34.88437517
Carassius gibelio,134.9302085,34.8802085
Carassius gibelio,134.8729167,34.86458333
Carassius gibelio,134.975,34.85833333
Carassius gibelio,134.9145833,34.85208333
Carassius gibelio,134.8843748,34.85729183
Carassius gibelio,134.96875,34.85208333
Carassius gibelio,134.9145833,34.845833
Carassius gibelio,134.9104167,34.85208333
Carassius gibelio,134.9145833,34.84375
Carassius gibelio,134.8791667,34.82916667
Carassius gibelio,134.83125,34.92291667
Carassius gibelio,134.7760417,34.91770833
Carassius gibelio,134.76875,34.90625
Carassius gibelio,134.81875,34.90208333
Carassius gibelio,134.7614582,34.90312483
Carassius gibelio,134.75625,34.89791667
Carassius gibelio,134.84375,34.88958333
Carassius gibelio,134.75625,34.88125
Carassius gibelio,134.86875,34.86458333
Carassius gibelio,134.7479167,34.9125
Carassius gibelio,134.6770833,34.91458333
Carassius gibelio,134.6510417,34.91770833
Carassius gibelio,134.7447918,34.90312517
Carassius gibelio,134.6729167,34.904167
Carassius gibelio,134.7406248,34.89895817
Carassius gibelio,134.7302085,34.8947915
Carassius gibelio,134.71875,34.89791667
Carassius gibelio,134.73125,34.88958333
Carassius gibelio,134.6395833,34.8875
Carassius gibelio,134.7395833,34.87708333
Carassius gibelio,134.7354167,34.870833
Carassius gibelio,134.6645833,34.870833
Carassius gibelio,134.7302083,34.86354167
Carassius gibelio,134.6510417,34.85520833
Carassius gibelio,134.7260418,34.85937517
Carassius gibelio,134.6447915,34.8552085
Carassius gibelio,134.6479167,34.845833
Carassius gibelio,134.7395833,34.83541667
Carassius gibelio,134.6854167,34.83541667
Carassius gibelio,134.6479167,34.85208333
Carassius gibelio,134.5854167,34.9125
Carassius gibelio,134.5520833,34.9125
Carassius gibelio,134.5854167,34.90625
Carassius gibelio,134.5468752,34.88645817
Carassius gibelio,134.6020833,34.8875
Carassius gibelio,134.5822917,34.88645833
Carassius gibelio,134.5697915,34.8697915
Carassius gibelio,134.5520833,34.86875
Carassius gibelio,134.5979167,34.84375
Carassius gibelio,134.5395833,34.854167
Carassius gibelio,134.5395833,34.845833
Carassius gibelio,134.6020833,34.8375
Carassius gibelio,134.5354167,34.8375
Carassius gibelio,134.51875,34.84791667
Carassius gibelio,134.3927082,34.89687483
Carassius gibelio,134.3895833,34.89375
Carassius gibelio,134.3520833,34.88541667
Carassius gibelio,134.3197915,34.8697915
Carassius gibelio,134.2916667,34.87708333
Carassius gibelio,134.3447917,34.86354167
Carassius gibelio,134.28125,34.86041667
Carassius gibelio,134.9354167,34.820833
Carassius gibelio,134.93125,34.81041667
Carassius gibelio,134.9177085,34.8052085
Carassius gibelio,134.9718752,34.79895817
Carassius gibelio,134.94375,34.79791667
Carassius gibelio,134.9031248,34.79895817
Carassius gibelio,134.8927082,34.79687483
Carassius gibelio,134.9177083,34.78645833
Carassius gibelio,134.8989583,34.79270833
Carassius gibelio,134.88125,34.79375
Carassius gibelio,134.9218748,34.78229183
Carassius gibelio,134.8770833,34.77708333
Carassius gibelio,134.884375,34.765625
Carassius gibelio,134.8947915,34.7552085
Carassius gibelio,134.8697917,34.81145833
Carassius gibelio,134.8552083,34.81145833
Carassius gibelio,134.8697917,34.78854167
Carassius gibelio,134.85625,34.78541667
Carassius gibelio,134.8427085,34.7802085
Carassius gibelio,134.8489582,34.76562483
Carassius gibelio,134.83125,34.77291667
Carassius gibelio,134.81875,34.75625
Carassius gibelio,134.8468752,34.76354183
Carassius gibelio,134.6395833,34.829167
Carassius gibelio,134.6395833,34.820833
Carassius gibelio,134.7052083,34.81354167
Carassius gibelio,134.6697917,34.81145833
Carassius gibelio,134.6645833,34.81458333
Carassius gibelio,134.6354167,34.8125
Carassius gibelio,134.6947918,34.80312517
Carassius gibelio,134.6614585,34.7989585
Carassius gibelio,134.6406248,34.80104183
Carassius gibelio,134.6770833,34.81458333
Carassius gibelio,134.64375,34.79791667
Carassius gibelio,134.690625,34.790625
Carassius gibelio,134.6020833,34.829167
Carassius gibelio,134.5635418,34.83437517
Carassius gibelio,134.5302082,34.82812517
Carassius gibelio,134.5343752,34.82395817
Carassius gibelio,134.4875,34.81875
Carassius gibelio,134.5697918,34.79687483
Carassius gibelio,134.5635418,34.80312483
Carassius gibelio,134.5802083,34.78645833
Carassius gibelio,134.40625,34.79791667
Carassius gibelio,134.415625,34.765625
Carassius gibelio,134.4114585,34.7614585
Carassius gibelio,134.4052085,34.7552085
Carassius gibelio,134.9281248,34.72395817
Carassius gibelio,134.990625,34.715625
Carassius gibelio,134.9802085,34.7052085
Carassius gibelio,134.9947917,34.68645833
Carassius gibelio,134.9770833,34.679167
Carassius gibelio,134.9895833,34.67291667
Carassius gibelio,134.84375,34.76041667
Carassius gibelio,135.00625,34.66875
Carassius gibelio,135.0375,34.65416667
Carassius gibelio,135.0677082,34.64687483
Carassius gibelio,135.028125,34.640625
Carassius gibelio,135.0604167,34.629167
Carassius gibelio,134.9947917,34.66145833
Carassius gibelio,134.984375,34.659375
Carassius gibelio,134.99375,34.66041667
Carassius gibelio,134.9895833,34.66041667
Carassius gibelio,134.9802083,34.53854167
Carassius gibelio,134.9760418,34.53437517
Carassius gibelio,134.96875,34.53125
Carassius gibelio,134.96875,34.53125
Carassius gibelio,134.8895833,34.5125
Carassius gibelio,134.89375,34.5
Carassius gibelio,134.89375,34.5
Carassius gibelio,134.89375,34.43541667
Carassius gibelio,134.8552083,34.46145833
Carassius gibelio,134.8666667,34.48333333
Carassius gibelio,134.8552082,34.44687483
Carassius gibelio,134.8875,34.43541667
Carassius gibelio,134.88125,34.39375
Carassius gibelio,134.8854167,34.33958333
Carassius gibelio,134.85625,34.42083333
Carassius gibelio,134.8218752,34.40104183
Carassius gibelio,134.80625,34.40625
Carassius gibelio,134.79375,34.40625
Carassius gibelio,134.81875,34.39791667
Carassius gibelio,134.7875,34.37291667
Carassius gibelio,134.78125,34.37291667
Carassius gibelio,134.7718752,34.37395817
Carassius gibelio,134.7875,34.37291667
Carassius gibelio,134.86875,34.34791667
Carassius gibelio,134.7875,34.37291667
Carassius gibelio,134.86875,34.34791667
Carassius gibelio,134.8520833,34.3375
Carassius gibelio,134.8895833,34.329167
Carassius gibelio,134.8927085,34.3197915
Carassius gibelio,134.878125,34.315625
Carassius gibelio,134.8510418,34.33437517
Carassius gibelio,134.8427085,34.3302085
Carassius gibelio,134.7833333,34.33333333
Carassius gibelio,134.8395833,34.32291667
Carassius gibelio,134.8302082,34.32187483
Carassius gibelio,134.7718748,34.31770817
Carassius gibelio,134.75625,34.31875
Carassius gibelio,134.8395833,34.3125
Carassius gibelio,134.8364583,34.31770833
Carassius gibelio,134.7822917,34.31354167
Carassius gibelio,134.76875,34.31458333
Carassius gibelio,134.8697915,34.3052085
Carassius gibelio,134.8281252,34.31979183
Carassius gibelio,134.8395833,34.31041667
Carassius gibelio,134.7947918,34.29687483
Carassius gibelio,134.7802085,34.2947915
Carassius gibelio,134.7510418,34.29062483
Carassius gibelio,134.7906248,34.27604183
Carassius gibelio,134.7854167,34.28125
Carassius gibelio,134.8291667,34.26875
Carassius gibelio,134.8197918,34.27187483
Carassius gibelio,134.7979167,34.26875
Carassius gibelio,134.75625,34.26458333
Carassius gibelio,134.8291667,34.26875
Carassius gibelio,134.7854167,34.28125
Carassius gibelio,134.7979167,34.254167
Carassius gibelio,134.7645833,34.254167
Carassius gibelio,134.7593748,34.25729183
Carassius gibelio,134.6854167,34.3125
Carassius gibelio,134.6854167,34.304167
Carassius gibelio,134.74375,34.29791667
Carassius gibelio,134.6854167,34.295833
Carassius gibelio,134.7489583,34.29270833
Carassius gibelio,134.6854167,34.29166667
Carassius gibelio,134.7395833,34.279167
Carassius gibelio,134.6854167,34.29166667
Carassius gibelio,134.7479167,34.26875
Carassius gibelio,134.75625,34.26041667
Carassius gibelio,134.7979167,34.25
Carassius gibelio,134.7979167,34.25
Carassius gibelio,134.7583333,34.22708333
Carassius gibelio,134.74375,34.22708333
Carassius gibelio,134.74375,34.22708333
Carassius gibelio,134.7375,34.2125
Carassius gibelio,134.734375,34.209375
Carassius gibelio,120.3483333,23.18166667
Carassius gibelio,121.69375,25.18125
Carassius gibelio,120.69,24.01041667
Carassius gibelio,120.6229167,24.15
Carassius gibelio,120.73125,22.01
Carassius gibelio,121.6,25.06041667
Carassius gibelio,121.9041667,25.05625
Carassius gibelio,121.3520833,23.12291667
Carassius gibelio,121.7966667,24.73666667
Carassius gibelio,121.29,24.81041667
Carassius gibelio,120.82,24.59791667
Carassius gibelio,121.74375,24.75625
Carassius gibelio,120.93625,24.52625
Carassius gibelio,121.8229167,24.71041667
Carassius gibelio,121.7479167,25.13958333
Carassius gibelio,120.1770833,22.91458333
Carassius gibelio,121.925,25.025
Carassius gibelio,120.6520833,23.375
Carassius gibelio,97.4875,40.76458333
Carassius gibelio,120.47,22.83125
Carassius gibelio,120.6716667,22.26166667
Carassius gibelio,120.7979167,24.23
Carassius gibelio,120.71,24.01041667
Carassius gibelio,120.81,24.34375
Carassius gibelio,120.76875,24.4
Carassius gibelio,120.3854167,23.1375
Carassius gibelio,120.51875,22.80208333
Carassius gibelio,121.09375,25.02
Carassius gibelio,120.7541667,23.76666667
Carassius gibelio,120.8408333,24.25083333
Carassius gibelio,120.84375,24.00625
Carassius gibelio,120.9645833,24.67
Carassius gibelio,121.38125,24.88
Carassius gibelio,120.7979167,24.23958333
Carassius gibelio,117.0979167,39.09791667
Carassius gibelio,104.0270833,30.62708333
Carassius gibelio,118.116667,26.86458333
Carassius gibelio,110.04375,40.616667
Carassius gibelio,109.58125,19.53333333
Carassius gibelio,119.3291667,26.11875
Carassius gibelio,105.9479167,18.116667
Carassius gibelio,118.3354167,27.03958333
Carassius gibelio,117.68125,28.25
Carassius gibelio,118.033333,27.76875
Carassius gibelio,116.9354167,36.66458333
Carassius gibelio,118.9020833,30.93125
Carassius gibelio,112.84375,29.17291667
Carassius gibelio,111.6374998,40.79583317
Carassius gibelio,108.43125,30.83125
Carassius gibelio,99.15625,23.67291667
Carassius gibelio,116.38125,39.916667
Carassius gibelio,102.6812497,25.03541633
Carassius gibelio,112.26875,39.10625
Carassius gibelio,113.0979168,29.33124983
Carassius gibelio,113.266667,23.19791667
Carassius gibelio,99.472778,39.98541667
Carassius gibelio,98.6125,37.84166667
Carassius gibelio,100.3833333,37.16666667
Carassius gibelio,123.7270833,41.21458333
Carassius gibelio,141.7187503,45.03541633
Carassius gibelio,142.2729167,45.20625
Carassius gibelio,140,39.92291667
Carassius gibelio,141.26875,45.11041667
Carassius gibelio,141.14375,42.5
Carassius gibelio,136.19375,35.52083333
Carassius gibelio,140.3,36.03541667
Carassius gibelio,143.17,46.605854
Carassius gibelio,143.31,50.070752
Carassius gibelio,158.64,53.031065
Carassius gibelio,136.9,50.211951
Carassius gibelio,133.76,47.858592
Carassius gibelio,136.89,50.212441
Carassius gibelio,142.7,46.951992
Carassius gibelio,158.75,53.031508
Carassius gibelio,126.15,36.80329
Carassius gibelio,137.13,50.629914
Carassius gibelio,132.92,42.837326
Carassius gibelio,134.22,48.432318
Carassius gibelio,134.22,48.431641
Carassius gibelio,134.22,48.43163
Carassius gibelio,114.14,30.520364
Carassius gibelio,158.66,52.991358
Carassius gibelio,158.64,53.024234
Carassius gibelio,140.37,36.0667
Carassius gibelio,138.9,36.229167
Carassius gibelio,129.59,28.379444
Carassius gibelio,129.52,28.316667
Carassius gibelio,129.52,28.316667
Carassius gibelio,129.51,28.328889
Carassius gibelio,128.89,27.804444
Carassius gibelio,128.89,27.804444
Carassius gibelio,129.4,28.357222
Carassius gibelio,130.93,30.366667
Carassius gibelio,130.93,30.366667
Carassius gibelio,130.93,30.366667
Carassius gibelio,130.93,30.366667
Carassius gibelio,130.93,30.366667
Carassius gibelio,130.94,30.379444
Carassius gibelio,130.94,30.385833
Carassius gibelio,130.96,30.471667
Carassius gibelio,131,30.613611
Carassius gibelio,130.95,30.588333
Carassius gibelio,130.95,30.588333
Carassius gibelio,131.03,30.757778
Carassius gibelio,131.03,30.757778
Carassius gibelio,131.03,30.757778
Carassius gibelio,131.03,30.757778
Carassius gibelio,131.03,30.757778
Carassius gibelio,131.03,30.757778
Carassius gibelio,131.03,30.757778
Carassius gibelio,131.03,30.757778
Carassius gibelio,131.02,30.770833
Carassius gibelio,131.06,30.810833
Carassius gibelio,129.88,29.852222
Carassius gibelio,131.03,31.35
Carassius gibelio,131.03,31.35
Carassius gibelio,131.03,31.35
Carassius gibelio,131.03,31.35
Carassius gibelio,131.03,31.35
Carassius gibelio,131.19,31.518889
Carassius gibelio,131.19,31.518889
Carassius gibelio,130.85,31.234167
Carassius gibelio,130.95,31.33
Carassius gibelio,130.82,31.204722
Carassius gibelio,131.03,31.418333
Carassius gibelio,131.03,31.418333
Carassius gibelio,130.91,31.305278
Carassius gibelio,131.02,31.418889
Carassius gibelio,130.95,31.361944
Carassius gibelio,131.08,31.496389
Carassius gibelio,131.02,31.437222
Carassius gibelio,131.02,31.437222
Carassius gibelio,130.96,31.387222
Carassius gibelio,130.96,31.390833
Carassius gibelio,130.78,31.208889
Carassius gibelio,130.92,31.362222
Carassius gibelio,130.92,31.362222
Carassius gibelio,130.92,31.362222
Carassius gibelio,130.92,31.362222
Carassius gibelio,130.96,31.409444
Carassius gibelio,130.96,31.409444
Carassius gibelio,131,31.453056
Carassius gibelio,131,31.453056
Carassius gibelio,130.95,31.419722
Carassius gibelio,130.95,31.419722
Carassius gibelio,131.03,31.504444
Carassius gibelio,131.03,31.504444
Carassius gibelio,130.87,31.35
Carassius gibelio,131.03,31.5525
Carassius gibelio,131.03,31.5525
Carassius gibelio,130.81,31.353889
Carassius gibelio,130.85,31.414722
Carassius gibelio,130.85,31.414722
Carassius gibelio,130.85,31.414722
Carassius gibelio,130.85,31.414722
Carassius gibelio,130.85,31.414722
Carassius gibelio,130.85,31.414722
Carassius gibelio,130.85,31.417778
Carassius gibelio,130.85,31.417778
Carassius gibelio,130.85,31.417778
Carassius gibelio,130.85,31.417778
Carassius gibelio,130.85,31.417778
Carassius gibelio,130.85,31.417778
Carassius gibelio,131,31.591389
Carassius gibelio,130.99,31.596944
Carassius gibelio,131.02,31.670833
Carassius gibelio,130.57,31.216667
Carassius gibelio,130.57,31.216667
Carassius gibelio,130.57,31.216667
Carassius gibelio,130.56,31.248611
Carassius gibelio,131,31.728889
Carassius gibelio,130.74,31.473333
Carassius gibelio,130.32,31.050278
Carassius gibelio,130.32,31.050278
Carassius gibelio,130.32,31.050278
Carassius gibelio,130.49,31.248333
Carassius gibelio,130.7,31.4825
Carassius gibelio,130.98,31.768611
Carassius gibelio,130.96,31.771389
Carassius gibelio,130.96,31.771389
Carassius gibelio,130.79,31.700278
Carassius gibelio,130.76,31.748889
Carassius gibelio,130.39,31.38
Carassius gibelio,130.39,31.38
Carassius gibelio,130.39,31.38
Carassius gibelio,130.39,31.38
Carassius gibelio,130.39,31.38
Carassius gibelio,130.39,31.38
Carassius gibelio,130.4,31.393056
Carassius gibelio,130.4,31.393056
Carassius gibelio,130.42,31.415833
Carassius gibelio,130.52,31.515
Carassius gibelio,130.75,31.753889
Carassius gibelio,130.75,31.753889
Carassius gibelio,130.36,31.376944
Carassius gibelio,130.53,31.542222
Carassius gibelio,130.55,31.566667
Carassius gibelio,130.55,31.57
Carassius gibelio,130.54,31.569167
Carassius gibelio,130.5,31.533889
Carassius gibelio,130.5,31.537222
Carassius gibelio,130.5,31.540556
Carassius gibelio,130.5,31.540556
Carassius gibelio,130.5,31.540556
Carassius gibelio,130.5,31.541389
Carassius gibelio,130.5,31.541389
Carassius gibelio,130.5,31.541389
Carassius gibelio,130.5,31.541389
Carassius gibelio,130.5,31.541389
Carassius gibelio,130.5,31.541389
Carassius gibelio,130.5,31.541389
Carassius gibelio,130.5,31.541389
Carassius gibelio,130.5,31.541389
Carassius gibelio,130.5,31.541389
Carassius gibelio,130.5,31.541389
Carassius gibelio,130.5,31.541389
Carassius gibelio,130.5,31.541389
Carassius gibelio,130.5,31.543333
Carassius gibelio,130.5,31.543333
Carassius gibelio,130.51,31.567222
Carassius gibelio,130.5,31.56
Carassius gibelio,130.5,31.56
Carassius gibelio,130.5,31.56
Carassius gibelio,130.5,31.56
Carassius gibelio,130.5,31.56
Carassius gibelio,130.5,31.56
Carassius gibelio,130.67,31.734722
Carassius gibelio,130.31,31.377222
Carassius gibelio,130.29,31.356389
Carassius gibelio,130.53,31.609167
Carassius gibelio,130.53,31.610278
Carassius gibelio,130.33,31.410556
Carassius gibelio,130.51,31.5925
Carassius gibelio,130.68,31.767222
Carassius gibelio,130.46,31.570278
Carassius gibelio,130.6,31.715278
Carassius gibelio,130.61,31.743889
Carassius gibelio,130.57,31.718056
Carassius gibelio,130.57,31.718056
Carassius gibelio,130.5,31.651944
Carassius gibelio,130.5,31.658889
Carassius gibelio,130.43,31.603889
Carassius gibelio,130.21,31.392222
Carassius gibelio,130.59,31.772778
Carassius gibelio,130.59,31.772778
Carassius gibelio,130.34,31.545278
Carassius gibelio,130.34,31.545278
Carassius gibelio,130.34,31.545278
Carassius gibelio,130.43,31.645278
Carassius gibelio,130.43,31.645278
Carassius gibelio,130.43,31.645278
Carassius gibelio,130.38,31.618056
Carassius gibelio,130.38,31.618056
Carassius gibelio,130.38,31.634722
Carassius gibelio,130.38,31.634722
Carassius gibelio,130.34,31.67
Carassius gibelio,130.34,31.67
Carassius gibelio,130.34,31.67
Carassius gibelio,130.34,31.67
Carassius gibelio,130.36,31.701389
Carassius gibelio,130.36,31.701389
Carassius gibelio,130.32,31.697778
Carassius gibelio,130.32,31.697778
Carassius gibelio,130.32,31.699167
Carassius gibelio,130.36,31.737778
Carassius gibelio,130.36,31.737778
Carassius gibelio,130.33,31.710278
Carassius gibelio,130.33,31.710278
Carassius gibelio,130.33,31.710278
Carassius gibelio,130.3,31.6825
Carassius gibelio,130.63,32.0325
Carassius gibelio,130.4,31.816667
Carassius gibelio,130.6,32.033333
Carassius gibelio,130.6,32.033333
Carassius gibelio,130.6,32.046667
Carassius gibelio,130.58,32.085
Carassius gibelio,130.49,31.995
Carassius gibelio,130.34,32.006111
Carassius gibelio,130.36,32.080833
Carassius gibelio,130.36,32.083056
Carassius gibelio,130.35,32.111667
Carassius gibelio,130.24,32.027222
Carassius gibelio,130.29,32.083611
Carassius gibelio,130.29,32.084722
Carassius gibelio,130.28,32.076667
Carassius gibelio,130.28,32.076667
Carassius gibelio,130.24,32.050556
Carassius gibelio,130.24,32.050556
Carassius gibelio,130.23,32.064167
Carassius gibelio,130.23,32.064167
Carassius gibelio,130.27,32.105833
Carassius gibelio,130.64,33.406667
Carassius gibelio,130.64,33.406667
Carassius gibelio,132.24,44.96
Carassius gibelio,132.24,44.96
Carassius gibelio,132.24,44.96
Carassius gibelio,137.13,50.63025
Carassius gibelio,114.23,30.32
Carassius gibelio,114.23,30.32
Carassius gibelio,114.23,30.32
Carassius gibelio,114.23,30.32
Carassius gibelio,114.23,30.32
Carassius gibelio,114.23,30.32
Carassius gibelio,114.23,30.32
Carassius gibelio,114.23,30.32
Carassius gibelio,114.23,30.32
Carassius gibelio,114.23,30.32
Carassius gibelio,114.23,30.32
Carassius gibelio,114.23,30.32
Carassius gibelio,114.23,30.32
Carassius gibelio,114.23,30.32
