species,Dd_lat,Dd_long
Carassius gibelio,46.891547,47.92
Carassius gibelio,46.893023,47.92
Carassius gibelio,43.400538,39.97
Carassius gibelio,55.584941,37.74
Carassius gibelio,60.015781,30.26
Carassius gibelio,47.473385,41.9
Carassius gibelio,51.167794,54.95
Carassius gibelio,53.268709,45.06
Carassius gibelio,54.122065,37.53
Carassius gibelio,56.129931,54.16
Carassius gibelio,53.244775,45.03
Carassius gibelio,52.68775,103.71
Carassius gibelio,52.270611,35.38
Carassius gibelio,55.22509,34.34
Carassius gibelio,56.807943,60.85
Carassius gibelio,54.793223,56.03
Carassius gibelio,55.40456,79.79
Carassius gibelio,55.832089,49.1
Carassius gibelio,53.268878,45.06
Carassius gibelio,53.244998,45.03
Carassius gibelio,53.245015,45.03
Carassius gibelio,54.186781,41.64
Carassius gibelio,55.342587,49.37
Carassius gibelio,55.710912,38.3
Carassius gibelio,53.269029,45.06
Carassius gibelio,55.16666,37.81
Carassius gibelio,47.511188,42.19
Carassius gibelio,55.159451,47.67
Carassius gibelio,59.900296,29.85
Carassius gibelio,56.605652,61.09
Carassius gibelio,55.583356,37.54
Carassius gibelio,55.77216,49.13
Carassius gibelio,45.195838,39.68
Carassius gibelio,55.909988,37.7
Carassius gibelio,55.583451,37.54
Carassius gibelio,55.844388,37.63
Carassius gibelio,55.593719,49.12
Carassius gibelio,55.85125,37.49
Carassius gibelio,53.903712,37.48
Carassius gibelio,53.244878,45.03
Carassius gibelio,55.58259,37.54
Carassius gibelio,56.212165,37.54
Carassius gibelio,56.237827,35.96
Carassius gibelio,55.793722,37.75
Carassius gibelio,55.047726,83.73
Carassius gibelio,57.192945,85.82
Carassius gibelio,56.643356,84.77
Carassius gibelio,47.886714,46.54
Carassius gibelio,54.078152,48.31
Carassius gibelio,54.078359,48.31
Carassius gibelio,54.318427,48.42
Carassius gibelio,54.330311,48.42
Carassius gibelio,54.202955,48.26
Carassius gibelio,54.202955,48.26
Carassius gibelio,54.27789,47.88
Carassius gibelio,53.318887,44.99
Carassius gibelio,54.975819,46.6
Carassius gibelio,56.064152,47.35
Carassius gibelio,56.472528,44.81
Carassius gibelio,55.625833,43.94
Carassius gibelio,55.805368,41.41
Carassius gibelio,56.21287,40.8
Carassius gibelio,56.123568,40.69
Carassius gibelio,51.821969,36.33
Carassius gibelio,51.732777,36.11
Carassius gibelio,51.835084,36
Carassius gibelio,56.092922,39.99
Carassius gibelio,51.935538,35.45
Carassius gibelio,52.240464,35.61
Carassius gibelio,52.240411,35.6
Carassius gibelio,52.240178,35.59
Carassius gibelio,52.352119,35.64
Carassius gibelio,51.714651,34.96
Carassius gibelio,52.398286,35.48
Carassius gibelio,55.331373,38.32
Carassius gibelio,55.125171,37.48
Carassius gibelio,56.645253,35.94
Carassius gibelio,60.053248,29.96
Carassius gibelio,59.922581,29.61
Carassius gibelio,44.980822,39.08
Carassius gibelio,52.635018,42.34
Carassius gibelio,55.951542,37.7
Carassius gibelio,53.287556,45.06
Carassius gibelio,54.813284,55.9
Carassius gibelio,55.91045,37.69
Carassius gibelio,53.287112,45.07
Carassius gibelio,55.179393,61.27
Carassius gibelio,55.18086,61.27
Carassius gibelio,53.461609,56.05
Carassius gibelio,53.392948,49.3
Carassius gibelio,48.65759,44.42
Carassius gibelio,53.7979,47.4
Carassius gibelio,53.8779,47.42
Carassius gibelio,53.9189,47.27
Carassius gibelio,54.3904,47.06
Carassius gibelio,54.4584,47.09
Carassius gibelio,53.7825,46.38
Carassius gibelio,53.9677,46.51
Carassius gibelio,54.4946,46.74
Carassius gibelio,54.5865,46.81
Carassius gibelio,54.184,46.22
Carassius gibelio,54.1714,46.18
Carassius gibelio,54.1831,46.18
Carassius gibelio,54.1754,46.17
Carassius gibelio,54.1731,46.16
Carassius gibelio,54.1748,46.16
Carassius gibelio,54.1747,46.15
Carassius gibelio,54.6166,46.6
Carassius gibelio,54.6071,46.58
Carassius gibelio,54.6031,46.57
Carassius gibelio,54.7401,46.69
Carassius gibelio,54.1747,46.02
Carassius gibelio,54.8561,46.7
Carassius gibelio,54.0471,45.89
Carassius gibelio,54.0618,45.89
Carassius gibelio,54.0457,45.87
Carassius gibelio,54.1427,45.96
Carassius gibelio,54.166,45.97
Carassius gibelio,54.1827,45.98
Carassius gibelio,53.287536,45.07
Carassius gibelio,54.1888,45.96
Carassius gibelio,54.1758,45.91
Carassius gibelio,54.6463,46.32
Carassius gibelio,54.6429,46.31
Carassius gibelio,54.8496,46.49
Carassius gibelio,58.536914,50.12
Carassius gibelio,54.4658,46.02
Carassius gibelio,54.1841,45.71
Carassius gibelio,53.8716,45.3
Carassius gibelio,54.8052,46.18
Carassius gibelio,54.3396,45.69
Carassius gibelio,54.361,45.67
Carassius gibelio,54.3607,45.67
Carassius gibelio,54.0553,45.32
Carassius gibelio,54.363,45.62
Carassius gibelio,54.3532,45.59
Carassius gibelio,54.3416,45.55
Carassius gibelio,54.1784,45.38
Carassius gibelio,54.6318,45.83
Carassius gibelio,54.3451,45.48
Carassius gibelio,54.1155,45.23
Carassius gibelio,55.2275,46.32
Carassius gibelio,54.149,45.24
Carassius gibelio,54.2552,45.34
Carassius gibelio,54.2696,45.35
Carassius gibelio,54.0772,45.14
Carassius gibelio,54.192,45.26
Carassius gibelio,55.1652,46.22
Carassius gibelio,54.2538,45.3
Carassius gibelio,54.1683,45.21
Carassius gibelio,54.2849,45.32
Carassius gibelio,54.2888,45.32
Carassius gibelio,54.7062,45.74
Carassius gibelio,54.1691,45.2
Carassius gibelio,54.1399,45.16
Carassius gibelio,55.1461,46.16
Carassius gibelio,53.2624,44.27
Carassius gibelio,54.2193,45.22
Carassius gibelio,54.0987,45.09
Carassius gibelio,53.7751,44.76
Carassius gibelio,54.1366,45.11
Carassius gibelio,54.1599,45.1
Carassius gibelio,54.1207,45.06
Carassius gibelio,54.1601,45.1
Carassius gibelio,54.143,45.07
Carassius gibelio,54.095,45.03
Carassius gibelio,54.1078,45.04
Carassius gibelio,54.1107,45.04
Carassius gibelio,53.4485,44.34
Carassius gibelio,53.4485,44.34
Carassius gibelio,54.1268,45.01
Carassius gibelio,54.1494,45.01
Carassius gibelio,54.0973,44.94
Carassius gibelio,54.4474,45.29
Carassius gibelio,54.2317,45.07
Carassius gibelio,54.7841,45.62
Carassius gibelio,54.5524,45.38
Carassius gibelio,54.3162,45.14
Carassius gibelio,54.7629,45.56
Carassius gibelio,54.7439,45.5
Carassius gibelio,54.7389,45.48
Carassius gibelio,54.7376,45.47
Carassius gibelio,53.9028,44.54
Carassius gibelio,53.9028,44.54
Carassius gibelio,54.737,45.37
Carassius gibelio,55.5118,46.13
Carassius gibelio,54.877,45.47
Carassius gibelio,54.7284,45.32
Carassius gibelio,51.9931,42.58
Carassius gibelio,54.8342,45.37
Carassius gibelio,52.1021,42.64
Carassius gibelio,52.1021,42.64
Carassius gibelio,54.225,44.71
Carassius gibelio,53.4567,43.93
Carassius gibelio,53.5779,44.01
Carassius gibelio,54.7317,45.06
Carassius gibelio,52.9701,43.2
Carassius gibelio,53.9793,44.12
Carassius gibelio,53.9878,44.12
Carassius gibelio,53.9528,43.94
Carassius gibelio,53.9392,43.92
Carassius gibelio,53.7925,43.74
Carassius gibelio,54.073,43.98
Carassius gibelio,55.8459,45.75
Carassius gibelio,53.9659,43.78
Carassius gibelio,53.9847,43.78
Carassius gibelio,53.8245,43.54
Carassius gibelio,55.6952,45.22
Carassius gibelio,55.5398,44.99
Carassius gibelio,53.6684,43.12
Carassius gibelio,54.294,43.73
Carassius gibelio,54.2908,43.71
Carassius gibelio,53.2527,42.67
Carassius gibelio,53.438,42.73
Carassius gibelio,53.1071,42.38
Carassius gibelio,55.3948,44.64
Carassius gibelio,54.3712,43.55
Carassius gibelio,54.6165,43.77
Carassius gibelio,54.4181,43.53
Carassius gibelio,53.0021,42.09
Carassius gibelio,52.6912,41.74
Carassius gibelio,52.5591,41.59
Carassius gibelio,52.5591,41.59
Carassius gibelio,52.5131,41.46
Carassius gibelio,53.6744,42.62
Carassius gibelio,53.3271,42.25
Carassius gibelio,54.0718,42.95
Carassius gibelio,52.7646,41.6
Carassius gibelio,54.787,43.52
Carassius gibelio,54.781,43.52
Carassius gibelio,54.7544,43.4
Carassius gibelio,52.4995,41.11
Carassius gibelio,54.6048,43.21
Carassius gibelio,54.0532,42.66
Carassius gibelio,54.6495,43.23
Carassius gibelio,54.7191,43.24
Carassius gibelio,54.7038,43.22
Carassius gibelio,54.1198,42.63
Carassius gibelio,54.7178,43.23
Carassius gibelio,52.8424,41.3
Carassius gibelio,54.7264,43.15
Carassius gibelio,54.7436,43.12
Carassius gibelio,55.0065,43.22
Carassius gibelio,53.6269,41.73
Carassius gibelio,52.4748,40.47
Carassius gibelio,54.7536,42.73
Carassius gibelio,54.5231,42.49
Carassius gibelio,54.593,42.49
Carassius gibelio,53.7702,41.62
Carassius gibelio,52.3832,40.03
Carassius gibelio,54.47,42.03
Carassius gibelio,54.4177,41.97
Carassius gibelio,54.6598,41.97
Carassius gibelio,53.8353,41.09
Carassius gibelio,54.3689,41.47
Carassius gibelio,52.0997,39.14
Carassius gibelio,52.5544,39.55
Carassius gibelio,53.774,40.76
Carassius gibelio,53.1124,40
Carassius gibelio,53.0967,39.97
Carassius gibelio,53.3803,40.23
Carassius gibelio,53.2821,40.06
Carassius gibelio,52.2422,38.99
Carassius gibelio,52.0308,38.42
Carassius gibelio,54.5167,40.9
Carassius gibelio,54.4918,40.86
Carassius gibelio,54.5398,40.9
Carassius gibelio,54.5415,40.9
Carassius gibelio,54.5428,40.9
Carassius gibelio,54.5384,40.89
Carassius gibelio,54.5474,40.88
Carassius gibelio,54.5714,40.9
Carassius gibelio,52.6047,38.92
Carassius gibelio,54.6816,40.91
Carassius gibelio,54.7932,41.02
Carassius gibelio,52.0935,38.3
Carassius gibelio,52.0671,38.27
Carassius gibelio,52.0257,38.2
Carassius gibelio,52.6845,38.78
Carassius gibelio,54.4107,40.42
Carassius gibelio,52.6678,38.64
Carassius gibelio,54.4798,40.44
Carassius gibelio,52.6252,38.58
Carassius gibelio,53.7643,39.56
Carassius gibelio,52.0034,37.74
Carassius gibelio,53.4451,39.17
Carassius gibelio,53.2717,38.89
Carassius gibelio,52.4376,38.04
Carassius gibelio,53.6421,39.19
Carassius gibelio,53.5671,39.01
Carassius gibelio,53.5719,38.9
Carassius gibelio,52.8054,37.98
Carassius gibelio,52.9128,37.99
Carassius gibelio,54.7139,39.68
Carassius gibelio,54.2874,39.19
Carassius gibelio,55.819626,37.68
Carassius gibelio,54.696726,55.85
Carassius gibelio,55.83169,49.11
Carassius gibelio,55.951365,37.7
Carassius gibelio,56.91693,60.65
Carassius gibelio,55.9514,37.7
Carassius gibelio,53.274021,34.49
Carassius gibelio,53.287556,45.07
Carassius gibelio,49.290641,43.96
Carassius gibelio,54.112319,55.06
Carassius gibelio,55.731555,37.65
Carassius gibelio,52.050943,85.26
Carassius gibelio,53.285031,83.61
Carassius gibelio,53.091846,49.98
Carassius gibelio,45.192098,39.7
Carassius gibelio,53.28713,45.07
Carassius gibelio,51.052303,35.74
Carassius gibelio,56.165862,40.45
Carassius gibelio,55.304337,38.76
Carassius gibelio,55.815955,37.48
Carassius gibelio,54.607263,38.52
Carassius gibelio,55.923,37.91
Carassius gibelio,55.338827,61.47
Carassius gibelio,53.074517,46.64
Carassius gibelio,53.349959,45.08
Carassius gibelio,51.419514,36.72
Carassius gibelio,52.974834,45.32
Carassius gibelio,53.274672,45.06
Carassius gibelio,54.993609,57.27
Carassius gibelio,56.966497,39.11
Carassius gibelio,56.217305,37.62
Carassius gibelio,57.110919,37.69
Carassius gibelio,52.828007,103.4
Carassius gibelio,53.75249,87.31
Carassius gibelio,53.354533,84.52
Carassius gibelio,52.768156,83.46
Carassius gibelio,53.78237,82.28
Carassius gibelio,54.870959,83.14
Carassius gibelio,55.208864,82.79
Carassius gibelio,55.206095,61.47
Carassius gibelio,55.80194,54.11
Carassius gibelio,55.122721,51.75
Carassius gibelio,48.487598,44.23
Carassius gibelio,49.179418,44.9
Carassius gibelio,49.242977,43.92
Carassius gibelio,49.28062,43.95
Carassius gibelio,54.33169,48.63
Carassius gibelio,54.204321,48.26
Carassius gibelio,54.34828,48.28
Carassius gibelio,54.348239,48.28
Carassius gibelio,54.34739,48.28
Carassius gibelio,54.345436,48.28
Carassius gibelio,53.070854,46.65
Carassius gibelio,48.297409,40.56
Carassius gibelio,54.971769,46.71
Carassius gibelio,53.240536,44.95
Carassius gibelio,53.241341,44.94
Carassius gibelio,53.229606,44.9
Carassius gibelio,58.520837,50.09
Carassius gibelio,56.283687,47.25
Carassius gibelio,55.463448,46.29
Carassius gibelio,44.994018,35.21
Carassius gibelio,55.221942,44.89
Carassius gibelio,55.769402,44.05
Carassius gibelio,56.192512,44.31
Carassius gibelio,56.248296,43.94
Carassius gibelio,51.84279,38.2
Carassius gibelio,55.862279,41.74
Carassius gibelio,54.64332,39.77
Carassius gibelio,50.935276,35.77
Carassius gibelio,57.208637,41.92
Carassius gibelio,57.212925,41.92
Carassius gibelio,57.35842,41.81
Carassius gibelio,51.732668,36.11
Carassius gibelio,51.732817,36.11
Carassius gibelio,54.415454,37.71
Carassius gibelio,52.273681,35.48
Carassius gibelio,52.322798,35.45
Carassius gibelio,52.322798,35.45
Carassius gibelio,52.316447,35.32
Carassius gibelio,52.316395,35.32
Carassius gibelio,54.822196,37.62
Carassius gibelio,52.486557,35.2
Carassius gibelio,52.486958,35.2
Carassius gibelio,52.487147,35.2
Carassius gibelio,52.487278,35.2
Carassius gibelio,52.487587,35.2
Carassius gibelio,52.487468,35.2
Carassius gibelio,52.487874,35.2
Carassius gibelio,52.487705,35.2
Carassius gibelio,55.102595,37.76
Carassius gibelio,53.807412,36.38
Carassius gibelio,54.118977,36.33
Carassius gibelio,55.627766,37.69
Carassius gibelio,55.765076,37.81
Carassius gibelio,55.584148,37.38
Carassius gibelio,55.90771,37.7
Carassius gibelio,55.772869,37.45
Carassius gibelio,53.441856,34.49
Carassius gibelio,58.453165,33.88
Carassius gibelio,59.698067,30.13
Carassius gibelio,59.697721,30.13
Carassius gibelio,59.868644,30.3
Carassius gibelio,55.79124,51.83
Carassius gibelio,55.621945,37.68
Carassius gibelio,52.76146,103.67
Carassius gibelio,47.473195,41.9
Carassius gibelio,53.274516,45.06
Carassius gibelio,55.669817,37.53
Carassius gibelio,53.462748,56.05
Carassius gibelio,54.633941,55.91
Carassius gibelio,53.220097,45.03
Carassius gibelio,53.269029,45.06
Carassius gibelio,51.537139,43.12
Carassius gibelio,55.633117,46.68
Carassius gibelio,55.842623,37.41
Carassius gibelio,53.845787,86.54
Carassius gibelio,53.317221,83.75
Carassius gibelio,55.334596,38.82
Carassius gibelio,55.910711,37.7
Carassius gibelio,52.154484,35.35
Carassius gibelio,55.853274,37.52
Carassius gibelio,54.672426,55.96
Carassius gibelio,54.977855,54.56
Carassius gibelio,51.497015,45.9
Carassius gibelio,55.334605,38.82
Carassius gibelio,55.717922,38.85
Carassius gibelio,59.923571,30.31
Carassius gibelio,53.268685,45.06
Carassius gibelio,56.163357,40.45
Carassius gibelio,55.84326,37.59
Carassius gibelio,53.657711,54.72
Carassius gibelio,55.288339,38.71
Carassius gibelio,55.718041,38.85
Carassius gibelio,55.676048,37.58
Carassius gibelio,55.708196,37.55
Carassius gibelio,55.294124,36.12
Carassius gibelio,54.612735,38.53
Carassius gibelio,45.200535,39.7
Carassius gibelio,53.289252,45.06
Carassius gibelio,55.651431,37.97
Carassius gibelio,55.63751,37.79
Carassius gibelio,55.960267,38.01
Carassius gibelio,56.686298,36.7
Carassius gibelio,53.140622,50.04
Carassius gibelio,54.812013,49.48
Carassius gibelio,52.351185,35.24
Carassius gibelio,56.275838,37.92
Carassius gibelio,57.881878,39.45
Carassius gibelio,55.394054,45.59
Carassius gibelio,57.34562,40.05
Carassius gibelio,55.819954,37.56
Carassius gibelio,56.577,37.44
Carassius gibelio,56.576989,37.44
Carassius gibelio,56.258882,41.06
Carassius gibelio,54.226363,37.7
Carassius gibelio,55.778978,38.13
Carassius gibelio,55.730358,37.66
Carassius gibelio,55.819382,37.48
Carassius gibelio,52.323663,106.49
Carassius gibelio,55.900431,93.56
Carassius gibelio,56.059782,92.73
Carassius gibelio,53.984688,85.84
Carassius gibelio,54.024115,85.87
Carassius gibelio,53.71649,84.03
Carassius gibelio,53.475242,83.66
Carassius gibelio,54.061006,81.07
Carassius gibelio,61.077665,73.74
Carassius gibelio,54.734444,56.19
Carassius gibelio,46.216825,47.53
Carassius gibelio,45.013627,43.2
Carassius gibelio,46.289536,44.42
Carassius gibelio,43.39339,39.99
Carassius gibelio,54.347313,48.28
Carassius gibelio,54.292574,48.15
Carassius gibelio,54.29299,48.15
Carassius gibelio,54.286947,47.82
Carassius gibelio,55.721643,48.59
Carassius gibelio,53.671486,46.47
Carassius gibelio,55.992523,48.64
Carassius gibelio,55.280548,47.68
Carassius gibelio,54.996608,46.74
Carassius gibelio,55.005039,46.7
Carassius gibelio,53.232957,44.91
Carassius gibelio,53.233009,44.91
Carassius gibelio,56.084644,47.27
Carassius gibelio,56.08468,47.27
Carassius gibelio,56.138878,47.23
Carassius gibelio,56.14643,47.21
Carassius gibelio,55.930153,46.3
Carassius gibelio,44.636702,34.35
Carassius gibelio,55.542694,44.17
Carassius gibelio,55.510946,44.11
Carassius gibelio,56.248637,43.94
Carassius gibelio,56.241389,43.84
Carassius gibelio,56.641956,43.47
Carassius gibelio,51.020697,36.54
Carassius gibelio,55.869831,40.88
Carassius gibelio,56.259136,41.06
Carassius gibelio,51.052393,35.74
Carassius gibelio,56.918946,41.1
Carassius gibelio,56.070218,40
Carassius gibelio,55.648969,39.55
Carassius gibelio,54.196699,37.7
Carassius gibelio,52.240037,35.59
Carassius gibelio,52.2628,35.4
Carassius gibelio,52.271898,35.39
Carassius gibelio,52.35162,35.38
Carassius gibelio,52.330572,35.35
Carassius gibelio,52.315939,35.32
Carassius gibelio,52.316099,35.32
Carassius gibelio,52.269915,35.27
Carassius gibelio,52.555324,35.31
Carassius gibelio,52.488905,35.21
Carassius gibelio,52.489226,35.21
Carassius gibelio,52.486106,35.2
Carassius gibelio,52.487389,35.2
Carassius gibelio,52.487702,35.2
Carassius gibelio,52.48769,35.2
Carassius gibelio,52.487901,35.2
Carassius gibelio,52.48798,35.2
Carassius gibelio,55.111333,37.34
Carassius gibelio,55.730731,37.8
Carassius gibelio,55.69659,37.68
Carassius gibelio,57.74894,39.72
Carassius gibelio,55.639246,37.56
Carassius gibelio,55.663489,37.46
Carassius gibelio,55.909033,37.7
Carassius gibelio,56.045741,37.83
Carassius gibelio,55.855465,37.64
Carassius gibelio,55.845955,37.59
Carassius gibelio,52.395464,34.13
Carassius gibelio,57.881982,39.45
Carassius gibelio,53.335133,34.02
Carassius gibelio,56.809315,35.94
Carassius gibelio,56.862917,35.89
Carassius gibelio,56.862026,35.89
Carassius gibelio,59.99513,30.42
Carassius gibelio,51.755812,55.17
Carassius gibelio,56.577039,37.44
Carassius gibelio,57.149539,65.64
Carassius gibelio,49.301868,43.97
Carassius gibelio,53.268905,45.06
Carassius gibelio,53.928322,37.64
Carassius gibelio,52.320582,35.45
Carassius gibelio,60.039288,30.39
Carassius gibelio,55.181562,58.15
Carassius gibelio,55.792862,49.31
Carassius gibelio,53.221157,45.03
Carassius gibelio,53.268797,45.06
Carassius gibelio,53.26755,45.06
Carassius gibelio,56.905002,48.42
Carassius gibelio,55.002759,45.31
Carassius gibelio,55.680268,38.72
Carassius gibelio,55.779863,37.61
Carassius gibelio,55.909112,37.7
Carassius gibelio,55.82199,37.56
Carassius gibelio,46.217322,47.53
Carassius gibelio,56.151066,47.21
Carassius gibelio,51.662652,36.15
Carassius gibelio,54.269845,37.55
Carassius gibelio,55.882429,37.53
Carassius gibelio,58.041133,38.25
Carassius gibelio,53.257234,83.72
Carassius gibelio,53.21225,83.41
Carassius gibelio,44.293334,47.06
Carassius gibelio,44.293334,47.06
Carassius gibelio,44.293334,47.06
Carassius gibelio,44.293334,47.06
Carassius gibelio,44.293334,47.06
Carassius gibelio,44.293334,47.06
Carassius gibelio,44.293334,47.06
Carassius gibelio,44.293334,47.06
Carassius gibelio,44.293334,47.06
Carassius gibelio,44.293334,47.06
Carassius gibelio,44.293334,47.06
Carassius gibelio,44.293334,47.06
Carassius gibelio,54.775562,56.06
Carassius gibelio,53.221208,45.03
Carassius gibelio,55.492719,46.33
Carassius gibelio,55.61789,38.11
Carassius gibelio,55.617895,38.11
Carassius gibelio,56.293688,38.24
Carassius gibelio,55.831775,37.61
Carassius gibelio,55.901451,37.56
Carassius gibelio,55.867998,37.45
Carassius gibelio,56.433847,37.52
Carassius gibelio,60.967015,69.05
Carassius gibelio,55.477442,60.2
Carassius gibelio,46.98992,47.71
Carassius gibelio,43.691576,39.59
Carassius gibelio,53.268801,45.06
Carassius gibelio,53.268826,45.06
Carassius gibelio,54.597092,43.22
Carassius gibelio,50.936355,36.06
Carassius gibelio,57.100662,41.22
Carassius gibelio,55.524918,37.6
Carassius gibelio,56.206028,33.48
Carassius gibelio,59.870373,30.33
Carassius gibelio,51.932293,85.35
Carassius gibelio,54.024125,85.87
Carassius gibelio,54.02842,85.87
Carassius gibelio,54.027918,85.87
Carassius gibelio,52.620717,83.1
Carassius gibelio,53.406063,83.67
Carassius gibelio,57.015683,65.41
Carassius gibelio,57.168221,65.45
Carassius gibelio,42.723409,47.72
Carassius gibelio,56.707539,60.13
Carassius gibelio,54.647739,55.94
Carassius gibelio,43.393555,39.99
Carassius gibelio,43.393413,39.99
Carassius gibelio,48.819858,44.7
Carassius gibelio,55.635601,50.56
Carassius gibelio,49.231317,43.93
Carassius gibelio,49.287378,43.96
Carassius gibelio,49.225017,43.89
Carassius gibelio,54.203286,48.26
Carassius gibelio,54.357442,47.9
Carassius gibelio,55.804339,49.12
Carassius gibelio,53.67189,46.47
Carassius gibelio,56.042809,48.77
Carassius gibelio,55.280227,47.68
Carassius gibelio,53.035838,45.14
Carassius gibelio,53.268788,45.06
Carassius gibelio,53.268827,45.06
Carassius gibelio,54.996588,46.74
Carassius gibelio,53.245331,44.91
Carassius gibelio,56.101757,47.54
Carassius gibelio,56.071612,47.37
Carassius gibelio,56.141585,47.24
Carassius gibelio,56.151085,47.21
Carassius gibelio,55.480278,46.27
Carassius gibelio,50.484484,40.07
Carassius gibelio,50.489294,40.08
Carassius gibelio,55.766759,44.18
Carassius gibelio,55.766759,44.18
Carassius gibelio,55.934815,44.28
Carassius gibelio,56.060134,43.38
Carassius gibelio,51.589046,38.08
Carassius gibelio,51.020721,36.54
Carassius gibelio,54.226571,38.96
Carassius gibelio,51.052178,35.74
Carassius gibelio,53.774101,38.14
Carassius gibelio,54.24723,37.73
Carassius gibelio,52.913443,36.04
Carassius gibelio,52.273936,35.39
Carassius gibelio,52.397728,35.47
Carassius gibelio,51.888147,34.92
Carassius gibelio,52.351775,35.38
Carassius gibelio,52.158033,34.96
Carassius gibelio,52.489032,35.21
Carassius gibelio,52.487781,35.2
Carassius gibelio,56.437824,38.72
Carassius gibelio,55.555934,37.65
Carassius gibelio,55.6571,37.67
Carassius gibelio,55.789863,37.76
Carassius gibelio,55.76428,37.69
Carassius gibelio,55.714824,37.58
Carassius gibelio,56.230165,38.06
Carassius gibelio,55.881804,37.66
Carassius gibelio,55.910052,37.69
Carassius gibelio,55.843825,37.62
Carassius gibelio,55.842474,37.61
Carassius gibelio,55.94187,37.5
Carassius gibelio,55.934533,37.4
Carassius gibelio,55.952629,37.36
Carassius gibelio,55.836247,37.22
Carassius gibelio,56.547654,37.57
Carassius gibelio,56.846992,35.93
Carassius gibelio,56.84919,35.93
Carassius gibelio,59.945647,30.38
Carassius gibelio,56.454487,84.99
Carassius gibelio,58.477687,68.53
Carassius gibelio,49.242338,43.92
Carassius gibelio,49.242522,43.92
Carassius gibelio,49.214608,43.86
Carassius gibelio,49.326535,43.7
Carassius gibelio,53.268821,45.06
Carassius gibelio,57.88187,39.45
Carassius gibelio,54.850852,83.21
Carassius gibelio,49.200865,44
Carassius gibelio,55.798398,49.02
Carassius gibelio,55.833825,48.96
Carassius gibelio,55.479288,47.6
Carassius gibelio,53.230543,44.9
Carassius gibelio,56.151154,47.21
Carassius gibelio,52.255336,35.31
Carassius gibelio,55.500083,37.3
Carassius gibelio,53.329333,83.8
Carassius gibelio,54.665133,73.76
Carassius gibelio,55.19865,73.22
Carassius gibelio,57.169597,65.61
Carassius gibelio,57.159125,65.57
Carassius gibelio,53.257928,58.73
Carassius gibelio,51.576875,46.3
Carassius gibelio,49.243583,43.93
Carassius gibelio,56.058381,47.33
Carassius gibelio,56.313098,43.88
Carassius gibelio,55.327493,38.54
Carassius gibelio,55.384789,38.58
Carassius gibelio,55.983689,38.1
Carassius gibelio,55.983666,38.1
Carassius gibelio,56.241642,38.24
Carassius gibelio,55.802307,37.73
Carassius gibelio,55.881464,37.53
Carassius gibelio,56.032403,37.16
Carassius gibelio,60.397738,30.39
Carassius gibelio,60.031393,29.64
Carassius gibelio,52.069143,112.57
Carassius gibelio,51.395255,104.65
Carassius gibelio,53.673737,87.19
Carassius gibelio,56.104903,69.45
Carassius gibelio,57.149539,65.64
Carassius gibelio,57.16007,65.63
Carassius gibelio,55.35735,61.29
Carassius gibelio,42.723217,47.72
Carassius gibelio,43.419912,47.37
Carassius gibelio,51.268944,54.92
Carassius gibelio,55.009051,51.77
Carassius gibelio,47.40173,42.56
Carassius gibelio,49.23333,43.94
Carassius gibelio,49.242997,43.92
Carassius gibelio,49.242587,43.91
Carassius gibelio,49.225188,43.89
Carassius gibelio,49.214205,43.83
Carassius gibelio,45.027428,38.99
Carassius gibelio,45.324204,39.12
Carassius gibelio,55.79288,49.31
Carassius gibelio,55.792867,49.31
Carassius gibelio,55.833813,48.96
Carassius gibelio,53.185354,46.06
Carassius gibelio,49.046227,41.03
Carassius gibelio,45.341062,37.16
Carassius gibelio,55.854313,47.29
Carassius gibelio,55.854322,47.29
Carassius gibelio,55.854534,47.29
Carassius gibelio,55.528434,46.89
Carassius gibelio,55.646106,46.72
Carassius gibelio,55.541388,44.18
Carassius gibelio,55.898953,43.71
Carassius gibelio,56.241189,43.84
Carassius gibelio,56.38166,43.83
Carassius gibelio,50.529453,36.64
Carassius gibelio,50.594917,36.57
Carassius gibelio,55.331401,38.54
Carassius gibelio,52.27274,35.45
Carassius gibelio,52.397639,35.47
Carassius gibelio,52.397639,35.47
Carassius gibelio,52.397639,35.47
Carassius gibelio,52.397639,35.47
Carassius gibelio,52.397639,35.47
Carassius gibelio,52.397639,35.47
Carassius gibelio,52.397639,35.47
Carassius gibelio,52.397801,35.47
Carassius gibelio,52.397801,35.47
Carassius gibelio,52.397801,35.47
Carassius gibelio,52.918877,35.97
Carassius gibelio,54.759335,37.24
Carassius gibelio,56.428805,38.72
Carassius gibelio,56.437884,38.72
Carassius gibelio,55.455663,37.51
Carassius gibelio,55.579719,37.56
Carassius gibelio,55.76384,37.69
Carassius gibelio,53.174581,35.09
Carassius gibelio,56.296476,38.17
Carassius gibelio,55.828056,37.7
Carassius gibelio,55.910619,37.69
Carassius gibelio,55.84385,37.62
Carassius gibelio,55.842349,37.61
Carassius gibelio,57.813193,39.56
Carassius gibelio,57.881843,39.45
Carassius gibelio,57.881871,39.45
Carassius gibelio,55.821916,37.33
Carassius gibelio,55.825624,37.24
Carassius gibelio,58.054522,38.22
Carassius gibelio,56.7485,36.8
Carassius gibelio,56.806712,35.94
Carassius gibelio,58.037752,32.93
Carassius gibelio,59.819682,30.53
Carassius gibelio,60.021989,30.26
Carassius gibelio,59.885505,29.92
Carassius gibelio,59.888705,29.9
Carassius gibelio,54.198564,56.16
Carassius gibelio,54.254099,54.7
Carassius gibelio,55.606122,55.8
Carassius gibelio,57.964351,56.03
Carassius gibelio,57.932714,55.32
Carassius gibelio,53.143194,50
Carassius gibelio,47.211426,40.46
Carassius gibelio,44.808981,37.44
Carassius gibelio,47.286985,39.16
Carassius gibelio,58.73164,50.11
Carassius gibelio,52.463219,43.17
Carassius gibelio,52.463211,43.17
Carassius gibelio,51.632131,35.48
Carassius gibelio,54.258193,37.6
Carassius gibelio,55.365791,38.6
Carassius gibelio,53.671885,36.42
Carassius gibelio,55.842497,37.61
Carassius gibelio,55.819946,37.48
Carassius gibelio,55.820063,37.48
Carassius gibelio,55.88287,37.53
Carassius gibelio,55.882986,37.53
Carassius gibelio,55.708178,37.33
Carassius gibelio,55.988066,37.32
Carassius gibelio,55.988594,37.32
Carassius gibelio,56.219019,35.99
Carassius gibelio,54.764511,32.15
Carassius gibelio,59.846523,30.16
Carassius gibelio,54.967358,82.84
Carassius gibelio,42.811308,47.69
Carassius gibelio,47.201512,42.44
Carassius gibelio,58.055489,52.61
Carassius gibelio,58.060407,52.61
Carassius gibelio,53.217544,44.88
Carassius gibelio,56.072463,47.27
Carassius gibelio,56.146159,47.21
Carassius gibelio,56.336923,43.95
Carassius gibelio,54.231424,37.62
Carassius gibelio,54.231383,37.62
Carassius gibelio,54.269866,37.55
Carassius gibelio,52.397703,35.47
Carassius gibelio,52.397703,35.47
Carassius gibelio,52.397703,35.47
Carassius gibelio,52.397703,35.47
Carassius gibelio,52.397703,35.47
Carassius gibelio,52.397663,35.47
Carassius gibelio,52.397663,35.47
Carassius gibelio,52.397663,35.47
Carassius gibelio,52.397632,35.47
Carassius gibelio,52.397632,35.47
Carassius gibelio,52.397632,35.47
Carassius gibelio,52.397632,35.47
Carassius gibelio,52.397632,35.47
Carassius gibelio,52.397632,35.47
Carassius gibelio,52.397632,35.47
Carassius gibelio,52.39763,35.47
Carassius gibelio,52.39763,35.47
Carassius gibelio,52.39763,35.47
Carassius gibelio,52.39763,35.47
Carassius gibelio,52.39763,35.47
Carassius gibelio,52.39763,35.47
Carassius gibelio,52.39763,35.47
Carassius gibelio,52.397633,35.47
Carassius gibelio,52.397633,35.47
Carassius gibelio,52.397633,35.47
Carassius gibelio,52.39763,35.47
Carassius gibelio,52.39763,35.47
Carassius gibelio,52.39763,35.47
Carassius gibelio,52.39763,35.47
Carassius gibelio,52.39763,35.47
Carassius gibelio,52.39763,35.47
Carassius gibelio,52.39763,35.47
Carassius gibelio,52.39763,35.47
Carassius gibelio,52.39763,35.47
Carassius gibelio,52.39763,35.47
Carassius gibelio,52.39763,35.47
Carassius gibelio,52.39763,35.47
Carassius gibelio,52.39763,35.47
Carassius gibelio,52.397653,35.47
Carassius gibelio,52.397653,35.47
Carassius gibelio,52.397653,35.47
Carassius gibelio,52.397653,35.47
Carassius gibelio,52.397653,35.47
Carassius gibelio,52.397653,35.47
Carassius gibelio,52.397653,35.47
Carassius gibelio,52.397632,35.47
Carassius gibelio,52.397632,35.47
Carassius gibelio,52.397632,35.47
Carassius gibelio,52.397632,35.47
Carassius gibelio,52.39764,35.47
Carassius gibelio,52.397632,35.47
Carassius gibelio,52.397632,35.47
Carassius gibelio,52.39764,35.47
Carassius gibelio,52.39764,35.47
Carassius gibelio,52.39764,35.47
Carassius gibelio,52.39764,35.47
Carassius gibelio,52.397632,35.47
Carassius gibelio,52.39764,35.47
Carassius gibelio,52.397635,35.47
Carassius gibelio,52.397635,35.47
Carassius gibelio,52.397635,35.47
Carassius gibelio,52.397635,35.47
Carassius gibelio,52.397635,35.47
Carassius gibelio,52.397635,35.47
Carassius gibelio,52.397635,35.47
Carassius gibelio,52.397852,35.47
Carassius gibelio,52.397852,35.47
Carassius gibelio,52.397852,35.47
Carassius gibelio,52.397661,35.47
Carassius gibelio,52.397661,35.47
Carassius gibelio,52.397661,35.47
Carassius gibelio,52.397661,35.47
Carassius gibelio,52.397659,35.47
Carassius gibelio,52.397659,35.47
Carassius gibelio,52.397659,35.47
Carassius gibelio,52.397659,35.47
Carassius gibelio,52.397659,35.47
Carassius gibelio,52.397659,35.47
Carassius gibelio,52.397659,35.47
Carassius gibelio,52.397874,35.47
Carassius gibelio,52.397874,35.47
Carassius gibelio,52.397874,35.47
Carassius gibelio,52.397634,35.47
Carassius gibelio,52.397634,35.47
Carassius gibelio,52.397634,35.47
Carassius gibelio,52.397634,35.47
Carassius gibelio,52.397634,35.47
Carassius gibelio,52.397634,35.47
Carassius gibelio,52.397868,35.47
Carassius gibelio,52.397868,35.47
Carassius gibelio,52.397868,35.47
Carassius gibelio,52.397868,35.47
Carassius gibelio,52.397868,35.47
Carassius gibelio,52.397868,35.47
Carassius gibelio,52.348041,35.42
Carassius gibelio,52.348013,35.42
Carassius gibelio,52.348013,35.42
Carassius gibelio,52.348013,35.42
Carassius gibelio,52.32214,35.31
Carassius gibelio,52.354386,35.23
Carassius gibelio,55.480531,37.65
Carassius gibelio,55.579262,37.56
Carassius gibelio,55.696727,37.68
Carassius gibelio,55.696699,37.68
Carassius gibelio,55.696601,37.68
Carassius gibelio,55.699955,37.67
Carassius gibelio,55.701485,37.67
Carassius gibelio,55.642458,37.54
Carassius gibelio,55.819732,37.68
Carassius gibelio,55.783233,37.62
Carassius gibelio,55.843932,37.62
Carassius gibelio,55.84389,37.62
Carassius gibelio,55.844384,37.59
Carassius gibelio,55.853196,37.52
Carassius gibelio,55.86478,37.53
Carassius gibelio,55.66465,37.3
Carassius gibelio,56.027774,37.63
Carassius gibelio,56.806831,35.94
Carassius gibelio,56.806827,35.94
Carassius gibelio,56.80684,35.94
Carassius gibelio,56.806827,35.94
Carassius gibelio,56.806833,35.94
Carassius gibelio,56.806816,35.94
Carassius gibelio,58.491952,31.27
Carassius gibelio,59.826157,30.55
Carassius gibelio,59.826231,30.55
Carassius gibelio,43.393048,39.99
Carassius gibelio,55.841928,37.61
Carassius gibelio,50.859315,114.68
Carassius gibelio,52.497449,103.92
Carassius gibelio,52.560402,103.82
Carassius gibelio,56.340717,93
Carassius gibelio,51.905448,85.43
Carassius gibelio,51.905278,85.43
Carassius gibelio,53.485607,85.52
Carassius gibelio,52.371235,84.4
Carassius gibelio,55.516187,86.68
Carassius gibelio,53.027255,83.79
Carassius gibelio,55.472363,85.97
Carassius gibelio,55.472388,85.97
Carassius gibelio,54.73402,83.13
Carassius gibelio,54.848785,83.19
Carassius gibelio,56.644596,84.76
Carassius gibelio,55.021442,83
Carassius gibelio,55.372783,70.13
Carassius gibelio,55.372767,70.13
Carassius gibelio,56.027187,69.47
Carassius gibelio,61.077326,73.74
Carassius gibelio,57.650829,69.11
Carassius gibelio,55.795226,66.89
Carassius gibelio,57.28974,67.01
Carassius gibelio,56.589155,66.03
Carassius gibelio,57.115425,65.85
Carassius gibelio,57.115408,65.85
Carassius gibelio,57.115425,65.85
Carassius gibelio,57.11542,65.85
Carassius gibelio,57.115442,65.85
Carassius gibelio,60.96668,69.05
Carassius gibelio,60.96707,69.05
Carassius gibelio,60.967067,69.05
Carassius gibelio,60.967026,69.05
Carassius gibelio,60.967097,69.05
Carassius gibelio,53.335097,60.67
Carassius gibelio,53.333492,60.67
Carassius gibelio,53.128414,60.37
Carassius gibelio,55.747154,62.03
Carassius gibelio,56.849382,60.76
Carassius gibelio,56.846612,60.76
Carassius gibelio,56.923296,60.64
Carassius gibelio,45.996919,48.13
Carassius gibelio,45.793308,47.89
Carassius gibelio,45.81761,47.91
Carassius gibelio,46.349444,48.05
Carassius gibelio,54.379765,55.91
Carassius gibelio,46.472705,47.98
Carassius gibelio,46.220089,47.68
Carassius gibelio,45.889679,47.33
Carassius gibelio,45.910278,47.28
Carassius gibelio,54.696944,56.06
Carassius gibelio,46.249844,47.61
Carassius gibelio,45.88779,47.17
Carassius gibelio,46.194441,47.46
Carassius gibelio,45.928214,47.12
Carassius gibelio,54.692716,55.86
Carassius gibelio,53.805833,54.93
Carassius gibelio,54.816971,55.91
Carassius gibelio,54.810878,55.9
Carassius gibelio,54.979595,55.92
Carassius gibelio,54.98732,55.9
Carassius gibelio,54.987355,55.9
Carassius gibelio,55.144238,55.52
Carassius gibelio,43.941272,42.72
Carassius gibelio,43.940413,42.72
Carassius gibelio,58.039837,56.32
Carassius gibelio,46.289305,44.43
Carassius gibelio,56.2481,54.38
Carassius gibelio,57.954142,56.08
Carassius gibelio,49.126219,46.85
Carassius gibelio,47.467368,45.06
Carassius gibelio,49.442443,46.77
Carassius gibelio,47.410273,44.61
Carassius gibelio,43.174135,40.33
Carassius gibelio,43.1743,40.33
Carassius gibelio,45.053108,41.97
Carassius gibelio,46.086851,42.93
Carassius gibelio,55.873042,52.37
Carassius gibelio,48.5599,44.89
Carassius gibelio,48.5599,44.89
Carassius gibelio,48.5599,44.89
Carassius gibelio,48.5599,44.89
Carassius gibelio,48.5599,44.89
Carassius gibelio,48.5599,44.89
Carassius gibelio,48.5599,44.89
Carassius gibelio,48.5599,44.89
Carassius gibelio,48.5599,44.89
Carassius gibelio,48.5599,44.89
Carassius gibelio,55.654922,51.82
Carassius gibelio,48.657254,44.42
Carassius gibelio,47.8245,42.29
Carassius gibelio,55.38,49.33
Carassius gibelio,53.112062,46.61
Carassius gibelio,55.857189,49.34
Carassius gibelio,52.965605,46.33
Carassius gibelio,44.678664,37.79
Carassius gibelio,49.5797,42.64
Carassius gibelio,52.460153,45.1
Carassius gibelio,55.17294,47.74
Carassius gibelio,45.1876,37.75
Carassius gibelio,55.498147,47.56
Carassius gibelio,55.593735,47.38
Carassius gibelio,53.27817,45.06
Carassius gibelio,53.278069,45.06
Carassius gibelio,55.839697,47.53
Carassius gibelio,55.854861,47.47
Carassius gibelio,55.646383,46.72
Carassius gibelio,55.632459,46.68
Carassius gibelio,55.601836,46.61
Carassius gibelio,55.608886,46.61
Carassius gibelio,56.10133,47.05
Carassius gibelio,56.101336,47.05
Carassius gibelio,52.477727,43.16
Carassius gibelio,44.681836,34.37
Carassius gibelio,44.681836,34.37
Carassius gibelio,45.0616,34.33
Carassius gibelio,44.8369,33.99
Carassius gibelio,44.8369,33.99
Carassius gibelio,44.8369,33.99
Carassius gibelio,44.8369,33.99
Carassius gibelio,44.8369,33.99
Carassius gibelio,44.8369,33.99
Carassius gibelio,44.8369,33.99
Carassius gibelio,44.8369,33.99
Carassius gibelio,44.8369,33.99
Carassius gibelio,44.8369,33.99
Carassius gibelio,44.8369,33.99
Carassius gibelio,44.8369,33.99
Carassius gibelio,44.8369,33.99
Carassius gibelio,44.8369,33.99
Carassius gibelio,44.8369,33.99
Carassius gibelio,44.8369,33.99
Carassius gibelio,44.8369,33.99
Carassius gibelio,44.8369,33.99
Carassius gibelio,44.8706,33.83
Carassius gibelio,44.8706,33.83
Carassius gibelio,55.977152,44.48
Carassius gibelio,52.675991,41.14
Carassius gibelio,52.987774,41.04
Carassius gibelio,52.98719,41.04
Carassius gibelio,56.261028,44.14
Carassius gibelio,56.340326,43.94
Carassius gibelio,56.312597,43.88
Carassius gibelio,56.312644,43.88
Carassius gibelio,56.315836,43.87
Carassius gibelio,56.375872,43.85
Carassius gibelio,56.381231,43.83
Carassius gibelio,46.2392,33.62
Carassius gibelio,46.2392,33.62
Carassius gibelio,46.2392,33.62
Carassius gibelio,46.2392,33.62
Carassius gibelio,46.2392,33.62
Carassius gibelio,50.353928,37.31
Carassius gibelio,50.336961,37.25
Carassius gibelio,51.365533,38.28
Carassius gibelio,55.313705,41.94
Carassius gibelio,55.313683,41.94
Carassius gibelio,55.31369,41.94
Carassius gibelio,50.425799,35.44
Carassius gibelio,50.425587,35.44
Carassius gibelio,50.517235,35.33
Carassius gibelio,57.185202,41.94
Carassius gibelio,57.21289,41.95
Carassius gibelio,51.619333,36.09
Carassius gibelio,51.73998,36.18
Carassius gibelio,56.074444,40.43
Carassius gibelio,55.967247,40.05
Carassius gibelio,57.466068,41.47
Carassius gibelio,55.584597,39.54
Carassius gibelio,54.346779,38.01
Carassius gibelio,54.347222,38.01
Carassius gibelio,55.334708,38.82
Carassius gibelio,55.337082,38.82
Carassius gibelio,55.304487,38.76
Carassius gibelio,54.204818,37.57
Carassius gibelio,55.280431,38.55
Carassius gibelio,55.37553,38.62
Carassius gibelio,51.7156,34.96
Carassius gibelio,55.358232,38.6
Carassius gibelio,51.718777,34.96
Carassius gibelio,55.36577,38.6
Carassius gibelio,52.397387,35.48
Carassius gibelio,52.39751,35.48
Carassius gibelio,52.397465,35.48
Carassius gibelio,52.39742,35.48
Carassius gibelio,52.39742,35.48
Carassius gibelio,52.397333,35.48
Carassius gibelio,52.39735,35.48
Carassius gibelio,52.397308,35.48
Carassius gibelio,52.397328,35.48
Carassius gibelio,52.397283,35.48
Carassius gibelio,52.396275,35.48
Carassius gibelio,52.396275,35.48
Carassius gibelio,52.397252,35.48
Carassius gibelio,52.397305,35.48
Carassius gibelio,52.397333,35.48
Carassius gibelio,52.397513,35.48
Carassius gibelio,52.397517,35.47
Carassius gibelio,52.397533,35.47
Carassius gibelio,52.39752,35.47
Carassius gibelio,52.397517,35.47
Carassius gibelio,52.397517,35.47
Carassius gibelio,52.39757,35.47
Carassius gibelio,52.39757,35.47
Carassius gibelio,52.397507,35.47
Carassius gibelio,52.398648,35.48
Carassius gibelio,52.398578,35.47
Carassius gibelio,52.397968,35.47
Carassius gibelio,52.39832,35.47
Carassius gibelio,52.348382,35.42
Carassius gibelio,52.320957,35.35
Carassius gibelio,52.316535,35.33
Carassius gibelio,52.322512,35.31
Carassius gibelio,55.728727,37.87
Carassius gibelio,55.692914,37.77
Carassius gibelio,55.626939,37.69
Carassius gibelio,55.61919,37.68
Carassius gibelio,55.625918,37.68
Carassius gibelio,55.784486,37.78
Carassius gibelio,55.784803,37.78
Carassius gibelio,55.818464,37.68
Carassius gibelio,55.658981,37.51
Carassius gibelio,55.919586,37.73
Carassius gibelio,55.676563,37.48
Carassius gibelio,55.909899,37.7
Carassius gibelio,55.910671,37.69
Carassius gibelio,55.843723,37.59
Carassius gibelio,55.786858,37.53
Carassius gibelio,55.919988,37.66
Carassius gibelio,55.744492,37.47
Carassius gibelio,55.498529,37.21
Carassius gibelio,55.448116,37.16
Carassius gibelio,55.819478,37.49
Carassius gibelio,55.820361,37.48
Carassius gibelio,55.825135,37.46
Carassius gibelio,55.348086,36.96
Carassius gibelio,55.295737,36.79
Carassius gibelio,56.044101,37.51
Carassius gibelio,55.987821,37.21
Carassius gibelio,52.279994,33.45
Carassius gibelio,52.279994,33.45
Carassius gibelio,56.555556,37.7
Carassius gibelio,56.551872,37.68
Carassius gibelio,52.305815,33.37
Carassius gibelio,53.443778,34.5
Carassius gibelio,53.443777,34.5
Carassius gibelio,52.342921,33.39
Carassius gibelio,52.342921,33.39
Carassius gibelio,52.339771,33.37
Carassius gibelio,56.618837,37.57
Carassius gibelio,58.166965,39.02
Carassius gibelio,53.269955,33.86
Carassius gibelio,58.085407,38.31
Carassius gibelio,58.06514,38.25
Carassius gibelio,56.13735,34.93
Carassius gibelio,60.03244,30.4
Carassius gibelio,59.99406,30.18
Carassius gibelio,59.888729,29.9
