species,Dd_long,Dd_lat
Pseudorasbora parva,121.6895833,24.72708333
Pseudorasbora parva,121.7102072,24.70208345
Pseudorasbora parva,126.6851778,35.43565552
Pseudorasbora parva,130.952778,31.41875012
Pseudorasbora parva,130.9455896,31.32941084
Pseudorasbora parva,116.5020833,40.01041667
Pseudorasbora parva,121.4395833,30.78125
Pseudorasbora parva,127.4171411,36.40880787
Pseudorasbora parva,127.4458333,36.22708333
Pseudorasbora parva,127.3933056,36.44747279
Pseudorasbora parva,129.20625,35.65208333
Pseudorasbora parva,127.3974448,36.33494542
Pseudorasbora parva,127.4014979,36.3610021
Pseudorasbora parva,129.1963327,35.5786675
Pseudorasbora parva,129.1666667,35.60208333
Pseudorasbora parva,127.2867368,35.05909655
Pseudorasbora parva,129.1160788,37.4827455
Pseudorasbora parva,129.178487,35.81458342
Pseudorasbora parva,129.3020833,35.77291667
Pseudorasbora parva,129.2729167,35.87291667
Pseudorasbora parva,126.60625,35.49791667
Pseudorasbora parva,128.7012098,37.6529569
Pseudorasbora parva,129.1416667,35.90625
Pseudorasbora parva,129.2292343,35.74173444
Pseudorasbora parva,126.2750606,36.81256129
Pseudorasbora parva,127.4128552,34.8503553
Pseudorasbora parva,127.3020833,36.15833333
Pseudorasbora parva,127.5145833,34.91788013
Pseudorasbora parva,128.2296123,36.18794588
Pseudorasbora parva,127.4446385,34.8529719
Pseudorasbora parva,127.4083721,36.37920554
Pseudorasbora parva,128.1625,36.26458333
Pseudorasbora parva,128.4458333,35.99375
Pseudorasbora parva,128.3395833,36.31666667
Pseudorasbora parva,127.7708333,34.66666667
Pseudorasbora parva,127.4572751,36.29689163
Pseudorasbora parva,127.78323,34.63958344
Pseudorasbora parva,127.3770833,36.22526
Pseudorasbora parva,127.5229167,34.90213001
Pseudorasbora parva,127.5104167,34.8807407
Pseudorasbora parva,127.4446425,34.85297594
Pseudorasbora parva,127.46875,34.88125
Pseudorasbora parva,127.1320394,36.48203945
Pseudorasbora parva,127.4458333,34.85416667
Pseudorasbora parva,128.2854167,35.76266002
Pseudorasbora parva,129.2125,35.64583333
Pseudorasbora parva,129.1500199,35.64375004
Pseudorasbora parva,129.1993085,35.65485826
Pseudorasbora parva,127.29375,35.04375
Pseudorasbora parva,129.4145833,36.55625
Pseudorasbora parva,128.913895,35.98056199
Pseudorasbora parva,128.5445379,35.49870467
Pseudorasbora parva,128.2354167,36.19375
Pseudorasbora parva,128.8145884,35.90207827
Pseudorasbora parva,128.808731,35.90208339
Pseudorasbora parva,128.63125,35.91041667
Pseudorasbora parva,128.0157879,36.11578834
Pseudorasbora parva,129.0454438,35.99791681
Pseudorasbora parva,128.7400182,35.85668496
Pseudorasbora parva,128.9204193,35.95874747
Pseudorasbora parva,128.96875,35.98037801
Pseudorasbora parva,128.5604167,36.241603
Pseudorasbora parva,128.8645833,35.959117
Pseudorasbora parva,128.6605641,35.8769365
Pseudorasbora parva,128.9854167,36.01458333
Pseudorasbora parva,128.80625,35.90208333
Pseudorasbora parva,128.6001615,35.90849505
Pseudorasbora parva,128.5526477,35.8984811
Pseudorasbora parva,129.3699069,36.12592659
Pseudorasbora parva,128.6884795,35.85735392
Pseudorasbora parva,127.1145833,35.530839
Pseudorasbora parva,105.4166672,31.26458347
Pseudorasbora parva,118.9119,30.6035668
Pseudorasbora parva,121.25625,30.70208333
Pseudorasbora parva,140.3537372,35.98707057
Pseudorasbora parva,121.7102142,24.70208345
Pseudorasbora parva,120.8645833,24.28958333
Pseudorasbora parva,127.4554504,36.68205022
Pseudorasbora parva,126.7410659,37.89939928
Pseudorasbora parva,127.0172855,36.17145229
Pseudorasbora parva,126.91955,37.98541669
Pseudorasbora parva,127.7520833,36.15208333
Pseudorasbora parva,126.6889799,36.29375013
Pseudorasbora parva,127.2411079,37.3702746
Pseudorasbora parva,127.8688201,36.83958355
Pseudorasbora parva,127.0604167,37.94791667
Pseudorasbora parva,127.355165,38.30099837
Pseudorasbora parva,127.5395833,37.09103003
Pseudorasbora parva,127.5382513,37.33408466
Pseudorasbora parva,127.0821794,36.98448733
Pseudorasbora parva,127.2378105,36.13718975
Pseudorasbora parva,126.6291667,37.60833333
Pseudorasbora parva,127.55,36.38333333
Pseudorasbora parva,127.4344823,36.68448232
Pseudorasbora parva,127.7073831,36.92404978
Pseudorasbora parva,126.96875,36.22284004
Pseudorasbora parva,126.748272,37.86422919
Pseudorasbora parva,126.776177,35.70951042
Pseudorasbora parva,127.4479167,36.90710001
Pseudorasbora parva,127.69375,36.92283001
Pseudorasbora parva,127.2681859,37.08068596
Pseudorasbora parva,127.2074125,35.7675878
Pseudorasbora parva,126.80625,36.10416667
Pseudorasbora parva,127.65544,37.29375007
Pseudorasbora parva,127.28125,37.00375002
Pseudorasbora parva,126.6916667,35.93333333
Pseudorasbora parva,127.6354167,37.1129
Pseudorasbora parva,126.68125,35.51455
Pseudorasbora parva,127.33228,35.37708335
Pseudorasbora parva,126.918202,35.49846488
Pseudorasbora parva,126.8770833,35.96262019
Pseudorasbora parva,126.5645833,35.59583333
Pseudorasbora parva,126.74375,35.6452801
Pseudorasbora parva,126.9354167,35.85208333
Pseudorasbora parva,126.8187472,35.71875306
Pseudorasbora parva,127.6020833,36.96666667
Pseudorasbora parva,127.5042092,36.91254261
Pseudorasbora parva,126.6606242,35.73145755
Pseudorasbora parva,127.6754981,36.35466581
Pseudorasbora parva,127.69781,36.91875
Pseudorasbora parva,127.6233499,36.97291694
Pseudorasbora parva,126.8666667,37.00625
Pseudorasbora parva,127.4905269,36.6261398
Pseudorasbora parva,126.6979167,35.92708333
Pseudorasbora parva,127.5050544,36.90327895
Pseudorasbora parva,126.9625,35.84375
Pseudorasbora parva,127.5020833,36.51041667
Pseudorasbora parva,128.5520833,38.23125
Pseudorasbora parva,127.5395833,37.04086
Pseudorasbora parva,128.08125,37.2288
Pseudorasbora parva,127.7954,36.98125005
Pseudorasbora parva,127.5979167,36.98958333
Pseudorasbora parva,126.66875,35.58125
Pseudorasbora parva,127.34375,36.60625
Pseudorasbora parva,127.7009337,36.45926708
Pseudorasbora parva,127.501567,36.73176664
Pseudorasbora parva,127.7736529,36.96948665
Pseudorasbora parva,127.43108,36.93541674
Pseudorasbora parva,127.74489,36.65625007
Pseudorasbora parva,127.6020833,36.62291667
Pseudorasbora parva,126.9895833,35.60545001
Pseudorasbora parva,126.7479167,35.95208333
Pseudorasbora parva,126.9552162,35.98645056
Pseudorasbora parva,127.2267424,35.65659096
Pseudorasbora parva,127.3045744,36.61209382
Pseudorasbora parva,127.3104167,37.42826001
Pseudorasbora parva,127.10625,35.92653002
Pseudorasbora parva,127.60031,37.05625002
Pseudorasbora parva,127.4013063,35.51380632
Pseudorasbora parva,127.6875,36.37083333
Pseudorasbora parva,127.4560149,35.81018162
Pseudorasbora parva,127.3598489,35.4984851
Pseudorasbora parva,126.6979167,37.63541667
Pseudorasbora parva,126.7038001,35.43541685
Pseudorasbora parva,126.7625,35.70208333
Pseudorasbora parva,127.4395833,36.95662036
Pseudorasbora parva,127.25039,35.43958338
Pseudorasbora parva,127.04043,35.79375013
Pseudorasbora parva,127.70625,37.89791667
Pseudorasbora parva,127.9572345,36.36776579
Pseudorasbora parva,126.6820602,35.40544011
Pseudorasbora parva,127.3658489,36.88831778
Pseudorasbora parva,126.9844655,35.73220117
Pseudorasbora parva,126.9479167,37.31379
Pseudorasbora parva,126.9395833,35.87099092
Pseudorasbora parva,126.66875,35.61103003
Pseudorasbora parva,127.6117347,35.50340146
Pseudorasbora parva,126.8919505,35.76041693
Pseudorasbora parva,126.9729798,35.89791681
Pseudorasbora parva,127.3604167,35.56242
Pseudorasbora parva,127.6051288,37.03237134
Pseudorasbora parva,126.7381813,35.95765225
Pseudorasbora parva,127.3828899,35.50625005
Pseudorasbora parva,127.3602614,36.6272386
Pseudorasbora parva,128.1071541,37.9928462
Pseudorasbora parva,126.91875,36.02916667
Pseudorasbora parva,126.7979167,35.505
Pseudorasbora parva,127.180714,35.81928631
Pseudorasbora parva,126.9385702,35.87392997
Pseudorasbora parva,126.78125,35.72708333
Pseudorasbora parva,126.7191657,35.56916601
Pseudorasbora parva,126.5358469,35.45998676
Pseudorasbora parva,126.75625,35.95208333
Pseudorasbora parva,126.85783,35.81875006
Pseudorasbora parva,126.7555165,35.5736508
Pseudorasbora parva,126.8270833,35.84917009
Pseudorasbora parva,126.6625,35.91666667
Pseudorasbora parva,127.8534212,37.0284213
Pseudorasbora parva,126.8531603,35.76041684
Pseudorasbora parva,126.8020833,35.76458333
Pseudorasbora parva,126.8235153,35.56101532
Pseudorasbora parva,127.4322466,36.78442017
Pseudorasbora parva,127.43035,36.98125001
Pseudorasbora parva,126.9844519,35.73221479
Pseudorasbora parva,127.3145833,37.68958333
Pseudorasbora parva,127.40386,37.25447358
Pseudorasbora parva,127.47553,36.71719775
Pseudorasbora parva,127.2629917,36.91617506
Pseudorasbora parva,127.5104167,36.98541667
Pseudorasbora parva,127.67938,36.92708339
Pseudorasbora parva,127.05625,37.85208333
Pseudorasbora parva,127.05061,37.09375002
Pseudorasbora parva,127.3299799,36.64247996
Pseudorasbora parva,127.3587472,36.62875289
Pseudorasbora parva,126.4791667,37.74791667
Pseudorasbora parva,128.4979167,35.88125
Pseudorasbora parva,126.8424635,37.37836992
Pseudorasbora parva,126.39375,37.72291667
Pseudorasbora parva,127.3125,37.19166667
Pseudorasbora parva,127.08367,37.09791675
Pseudorasbora parva,127.0270833,37.86458333
Pseudorasbora parva,126.4125,37.69583333
Pseudorasbora parva,128.3952187,35.99938541
Pseudorasbora parva,126.8020833,37.42916667
Pseudorasbora parva,127.625,37.20208333
Pseudorasbora parva,127.82576,37.33958335
Pseudorasbora parva,126.84375,37.32649
Pseudorasbora parva,126.8395833,37.45163147
Pseudorasbora parva,127.39726,37.21875002
Pseudorasbora parva,127.69375,36.93014
Pseudorasbora parva,127.3479167,37.6098
Pseudorasbora parva,128.96875,35.97915
Pseudorasbora parva,127.7545049,37.41632868
Pseudorasbora parva,127.59375,37.13125
Pseudorasbora parva,128.5549809,35.98668579
Pseudorasbora parva,127.0514314,37.90976499
Pseudorasbora parva,126.81875,37.3264901
Pseudorasbora parva,127.4936267,37.48137393
Pseudorasbora parva,127.3395833,37.17291667
Pseudorasbora parva,127.39276,37.12291668
Pseudorasbora parva,127.6604167,37.16975
Pseudorasbora parva,127.1979167,37.74407001
Pseudorasbora parva,127.2040461,37.04987947
Pseudorasbora parva,127.5104167,37.29157
Pseudorasbora parva,127.15,37.37916667
Pseudorasbora parva,127.5375,37.13333333
Pseudorasbora parva,126.7729167,37.85208333
Pseudorasbora parva,127.125,37.0125
Pseudorasbora parva,127.0979167,37.25734
Pseudorasbora parva,126.9334499,36.81875048
Pseudorasbora parva,128.4166667,35.775
Pseudorasbora parva,126.7604167,36.12165028
Pseudorasbora parva,126.8885191,37.66981434
Pseudorasbora parva,126.3604167,37.76041667
Pseudorasbora parva,127.4916667,37.16041667
Pseudorasbora parva,127.03357,37.89791673
Pseudorasbora parva,127.5421608,37.34632773
Pseudorasbora parva,126.9541667,37.22916667
Pseudorasbora parva,127.1770833,36.1625
Pseudorasbora parva,127.54944,37.09791683
Pseudorasbora parva,126.8357031,37.60653651
Pseudorasbora parva,127.0270833,37.01677047
Pseudorasbora parva,127.20625,37.05452022
Pseudorasbora parva,127.1020833,37.36303031
Pseudorasbora parva,126.6854167,36.60393003
Pseudorasbora parva,126.7580583,37.75860905
Pseudorasbora parva,126.6979167,36.50833333
Pseudorasbora parva,126.53125,35.46981001
Pseudorasbora parva,126.8159522,36.77428557
Pseudorasbora parva,127.0087004,37.08958396
Pseudorasbora parva,126.56875,36.4125
Pseudorasbora parva,126.3920349,37.72463199
Pseudorasbora parva,126.53913,36.98541684
Pseudorasbora parva,127.0335755,36.76225844
Pseudorasbora parva,126.6583333,37.73541667
Pseudorasbora parva,126.7520833,36.13948001
Pseudorasbora parva,127.0333333,37.775
Pseudorasbora parva,127.144313,36.94735424
Pseudorasbora parva,126.8061956,36.21869559
Pseudorasbora parva,127.0264102,37.54307718
Pseudorasbora parva,127.59313,36.04791695
Pseudorasbora parva,126.7364199,36.46774686
Pseudorasbora parva,126.4458333,36.88125
Pseudorasbora parva,127.2650479,36.79838223
Pseudorasbora parva,126.5645833,36.45208333
Pseudorasbora parva,127.075,36.225
Pseudorasbora parva,126.85721,36.30625003
Pseudorasbora parva,126.5458333,36.88125
Pseudorasbora parva,126.9423673,36.88263309
Pseudorasbora parva,127.1445282,36.79036162
Pseudorasbora parva,126.68665,36.72291673
Pseudorasbora parva,126.55,36.98541667
Pseudorasbora parva,127.0729167,36.11875
Pseudorasbora parva,126.2375,36.75
Pseudorasbora parva,126.8493201,36.18541834
Pseudorasbora parva,126.5958333,36.30208333
Pseudorasbora parva,126.6244155,36.49941553
Pseudorasbora parva,126.6893528,36.56064753
Pseudorasbora parva,126.2208333,36.84375
Pseudorasbora parva,126.8658401,36.60750694
Pseudorasbora parva,126.3833333,36.71458333
Pseudorasbora parva,121.7102082,24.70208345
Pseudorasbora parva,113.529999,29.5937502
Pseudorasbora parva,113.15,23.06875007
Pseudorasbora parva,98.96875,24.42000001
Pseudorasbora parva,117.1262208,39.07377939
Pseudorasbora parva,121.4499999,24.45208339
Pseudorasbora parva,98.86089663,24.97756409
Pseudorasbora parva,116.3520833,40.18000027
Pseudorasbora parva,120.38,23.08958338
Pseudorasbora parva,98.84908358,25.85924979
Pseudorasbora parva,121.7104002,24.70208345
Pseudorasbora parva,140.842487,38.26875004
Pseudorasbora parva,140.8451471,38.26735301
Pseudorasbora parva,142.06875,44.80386008
Pseudorasbora parva,120.9368047,24.52569532
Pseudorasbora parva,136.9270833,36.69850002
Pseudorasbora parva,137.2201064,36.69510656
Pseudorasbora parva,137.210599,36.71059905
Pseudorasbora parva,137.1208333,36.68333333
Pseudorasbora parva,137.1270833,36.70208333
Pseudorasbora parva,137.1979167,36.69284004
Pseudorasbora parva,137.1604167,36.68541667
Pseudorasbora parva,137.20625,36.70625
Pseudorasbora parva,136.9770833,36.83541667
Pseudorasbora parva,137.5104167,36.93541667
Pseudorasbora parva,136.8959046,36.62076318
Pseudorasbora parva,139.6561681,35.56875001
Pseudorasbora parva,137.16875,36.7558001
Pseudorasbora parva,137.0895833,36.71458333
Pseudorasbora parva,137.00625,36.76041667
Pseudorasbora parva,137.00625,36.74864098
Pseudorasbora parva,128.6664786,36.42935483
Pseudorasbora parva,121.7104221,24.70208345
Pseudorasbora parva,128.5060828,36.35191625
Pseudorasbora parva,119.4333424,31.92082744
Pseudorasbora parva,121.81875,24.65839103
Pseudorasbora parva,121.81875,24.657882
Pseudorasbora parva,121.7104481,24.70208345
Pseudorasbora parva,121.7104881,24.70208345
Pseudorasbora parva,121.7103912,24.70208345
Pseudorasbora parva,121.7103862,24.70208345
Pseudorasbora parva,121.7102062,24.70208345
Pseudorasbora parva,121.7102512,24.70208345
Pseudorasbora parva,121.7107181,24.70208345
Pseudorasbora parva,121.7102242,24.70208345
Pseudorasbora parva,121.7104281,24.70208345
Pseudorasbora parva,121.7102052,24.70208345
Pseudorasbora parva,121.7104781,24.70208345
Pseudorasbora parva,121.7102042,24.70208345
Pseudorasbora parva,121.7101902,24.70208345
Pseudorasbora parva,121.7101712,24.70208344
Pseudorasbora parva,140.2520833,35.25666718
Pseudorasbora parva,139.2645833,35.62500021
Pseudorasbora parva,140.7467772,35.78655624
Pseudorasbora parva,138.8814994,37.76483358
Pseudorasbora parva,140.999739,38.90026121
Pseudorasbora parva,140.992778,38.91875012
Pseudorasbora parva,141.0350001,38.92708357
Pseudorasbora parva,139.5583334,36.24166672
Pseudorasbora parva,114.1270833,22.53958333
Pseudorasbora parva,101.1479167,21.23125
Pseudorasbora parva,101.1166671,21.2020834
Pseudorasbora parva,101.9333334,20.58333337
Pseudorasbora parva,101.9232772,20.21077721
Pseudorasbora parva,101.2020833,21.13541667
Pseudorasbora parva,141.2876428,39.77485724
Pseudorasbora parva,121.5020833,31.21041667
Pseudorasbora parva,140.7143414,35.82732533
Pseudorasbora parva,129.8675546,32.7532788
Pseudorasbora parva,135.8979167,35.56347701
Pseudorasbora parva,140.502532,35.90625007
Pseudorasbora parva,135.9270833,35.12398504
Pseudorasbora parva,130.512708,33.33125026
Pseudorasbora parva,137.10625,36.74583333
Pseudorasbora parva,134.1514592,35.50208418
Pseudorasbora parva,132.9666651,35.4604261
Pseudorasbora parva,140.5861013,35.8930655
Pseudorasbora parva,136.1229167,35.46366052
Pseudorasbora parva,136.2395833,35.28333333
Pseudorasbora parva,139.0574989,36.3883345
Pseudorasbora parva,121.7760419,24.7145836
Pseudorasbora parva,121.1395833,23.99888302
Pseudorasbora parva,121.2228661,23.11869953
Pseudorasbora parva,121.16875,22.973769
Pseudorasbora parva,121.1707501,22.97091662
Pseudorasbora parva,120.35,22.64583333
Pseudorasbora parva,121.5519062,23.87690626
Pseudorasbora parva,120.2270833,23.78823266
Pseudorasbora parva,135.93125,35.0661193
Pseudorasbora parva,135.88125,35.061256
Pseudorasbora parva,116.5454239,39.96875029
Pseudorasbora parva,136.0588295,35.23800065
Pseudorasbora parva,135.9270833,35.11399904
Pseudorasbora parva,130.4020833,33.62291667
Pseudorasbora parva,136.9104167,35.16041667
Pseudorasbora parva,118.737327,32.10816129
Pseudorasbora parva,128.5060854,36.35191889
Pseudorasbora parva,128.4333333,36.32083333
Pseudorasbora parva,114.1419307,22.50859742
Pseudorasbora parva,114.099411,22.4952446
Pseudorasbora parva,140.3617261,35.98958435
Pseudorasbora parva,130.55,31.2375
Pseudorasbora parva,130.55625,31.24861102
Pseudorasbora parva,130.95625,31.40944402
Pseudorasbora parva,130.6108328,31.74791668
Pseudorasbora parva,130.5570807,31.22374761
Pseudorasbora parva,136.7479167,35.26752007
Pseudorasbora parva,136.9520833,35.19375
Pseudorasbora parva,136.7354167,35.46587002
Pseudorasbora parva,136.6963394,35.37134009
Pseudorasbora parva,136.6185432,35.27687712
Pseudorasbora parva,136.83224,35.46041676
Pseudorasbora parva,137.0583333,35.4875
Pseudorasbora parva,135.1729167,35.03242007
Pseudorasbora parva,136.7229167,35.39375
Pseudorasbora parva,136.9270833,35.48895104
Pseudorasbora parva,136.9979167,35.3625
Pseudorasbora parva,136.7395833,35.40625
Pseudorasbora parva,136.7604167,35.43125
Pseudorasbora parva,136.7177988,35.43446595
Pseudorasbora parva,136.8291667,35.47291667
Pseudorasbora parva,136.8213311,35.50049831
Pseudorasbora parva,136.7990267,35.41764005
Pseudorasbora parva,136.9270833,35.49166667
Pseudorasbora parva,136.6645765,35.14375682
Pseudorasbora parva,136.7218489,35.39268233
Pseudorasbora parva,136.7895833,35.41875
Pseudorasbora parva,136.6916667,35.42916667
Pseudorasbora parva,136.9632935,35.5283736
Pseudorasbora parva,136.7968002,35.36875012
Pseudorasbora parva,137.47107,35.5229167
Pseudorasbora parva,136.9416667,35.0625
Pseudorasbora parva,136.5572454,35.30525474
Pseudorasbora parva,136.7201449,35.39097852
Pseudorasbora parva,136.73125,35.47291667
Pseudorasbora parva,137.1145833,35.43125
Pseudorasbora parva,137.1107502,35.40208383
Pseudorasbora parva,136.7169714,35.41219546
Pseudorasbora parva,136.5898055,35.23936148
Pseudorasbora parva,136.8463623,35.46719566
Pseudorasbora parva,136.78571,35.52291678
Pseudorasbora parva,136.0591934,35.23836453
Pseudorasbora parva,140.3604167,36.06458333
Pseudorasbora parva,128.3432301,35.2734371
Pseudorasbora parva,116.6118447,40.30899023
Pseudorasbora parva,128.7121496,35.28368378
Pseudorasbora parva,127.3520833,34.98958333
Pseudorasbora parva,135.5032555,34.71992225
Pseudorasbora parva,129.8668609,32.75397247
Pseudorasbora parva,140.41667,35.98958577
Pseudorasbora parva,109.2067687,23.79426903
Pseudorasbora parva,132.0529064,44.58042716
Pseudorasbora parva,132.0556358,44.57769819
Pseudorasbora parva,132.3833269,44.62709343
Pseudorasbora parva,131.9979167,44.802778
Pseudorasbora parva,132.2499969,44.63125358
Pseudorasbora parva,135.0104167,48.539909
Pseudorasbora parva,126.76875,37.74791667
Pseudorasbora parva,126.7925193,37.74791763
Pseudorasbora parva,126.8395833,37.724244
Pseudorasbora parva,127.8145833,38.28492805
Pseudorasbora parva,129.1645833,35.27916667
Pseudorasbora parva,126.8960381,34.65853835
Pseudorasbora parva,126.8990639,34.7948988
Pseudorasbora parva,127.8483307,38.18166459
Pseudorasbora parva,129.2333333,35.37291667
Pseudorasbora parva,126.8432956,34.79837163
Pseudorasbora parva,129.1729167,35.33316053
Pseudorasbora parva,129.1729167,35.33541667
Pseudorasbora parva,128.9576903,36.22852371
Pseudorasbora parva,129.1125,35.34583333
Pseudorasbora parva,126.88355,34.75208335
Pseudorasbora parva,129.1270873,35.268754
Pseudorasbora parva,129.2041667,35.28958333
Pseudorasbora parva,129.2224288,35.32291671
Pseudorasbora parva,129.0697548,35.31357878
Pseudorasbora parva,129.120094,35.33823974
Pseudorasbora parva,128.2875,36.06666667
Pseudorasbora parva,126.5450248,34.42580856
Pseudorasbora parva,126.543748,34.43125
Pseudorasbora parva,126.5354167,34.39375
Pseudorasbora parva,126.425,35.1375
Pseudorasbora parva,126.5479167,34.4508243
Pseudorasbora parva,128.5785756,36.15892461
Pseudorasbora parva,128.5770833,36.17527102
Pseudorasbora parva,128.5725808,36.18575319
Pseudorasbora parva,127.5083333,38.10833333
Pseudorasbora parva,127.4604167,38.17057636
Pseudorasbora parva,126.5068981,34.36939812
Pseudorasbora parva,128.58125,36.1343053
Pseudorasbora parva,126.4958333,34.47083333
Pseudorasbora parva,126.5479167,34.47388725
Pseudorasbora parva,141.0645833,38.91875
Pseudorasbora parva,141.032222,38.92708363
Pseudorasbora parva,141.03,38.92708362
Pseudorasbora parva,140.9979167,38.91875
Pseudorasbora parva,141.0336108,38.92708361
Pseudorasbora parva,141.0341666,38.92708359
Pseudorasbora parva,140.9913891,38.91875011
Pseudorasbora parva,141.0242425,38.91174261
Pseudorasbora parva,141.031389,38.92708363
Pseudorasbora parva,141.0735433,38.91521
Pseudorasbora parva,141.0341668,38.92708359
Pseudorasbora parva,140.9875,38.90208333
Pseudorasbora parva,141.0350829,38.92708357
Pseudorasbora parva,141.0145833,38.91041667
Pseudorasbora parva,141.0261113,38.92708352
Pseudorasbora parva,141.031389,38.92708363
Pseudorasbora parva,141.0572982,38.92186852
Pseudorasbora parva,138.063127,49.4368734
Pseudorasbora parva,143.1270833,46.6275002
Pseudorasbora parva,119.025,36.01041667
Pseudorasbora parva,116.9979167,32.01458333
Pseudorasbora parva,112.5104167,37.60625
Pseudorasbora parva,102.5268888,30.13561154
Pseudorasbora parva,133.5047323,45.25360115
Pseudorasbora parva,112.5895833,49.54570703
Pseudorasbora parva,128.7215978,35.36590227
Pseudorasbora parva,101.5008582,27.42414227
Pseudorasbora parva,118.96875,30.63151014
Pseudorasbora parva,113.505442,38.87708346
Pseudorasbora parva,136.905981,35.56875007
Pseudorasbora parva,114.25625,30.56875
Pseudorasbora parva,140.1917556,36.0957446
Pseudorasbora parva,120.4543029,22.74986378
Pseudorasbora parva,121.4942985,25.0473682
Pseudorasbora parva,120.9604167,24.85208333
Pseudorasbora parva,120.6901108,23.91822258
Pseudorasbora parva,120.1897347,23.46443276
Pseudorasbora parva,135.5994491,34.77861605
Pseudorasbora parva,116.3020833,40.00625
Pseudorasbora parva,113.236095,23.10625002
Pseudorasbora parva,122.1029213,30.01542151
Pseudorasbora parva,113.2518021,23.11041667
Pseudorasbora parva,111.2902313,23.47291719
Pseudorasbora parva,121.5229167,29.834863
Pseudorasbora parva,114.18125,22.44791667
Pseudorasbora parva,98.66875,25.77291667
Pseudorasbora parva,98.87761096,24.54375087
Pseudorasbora parva,98.67698898,24.59801103
Pseudorasbora parva,98.64375,24.664139
Pseudorasbora parva,98.67519399,24.60208347
Pseudorasbora parva,98.599722,25.72708335
Pseudorasbora parva,98.67708333,24.89444406
Pseudorasbora parva,139.33125,35.50625
Pseudorasbora parva,140.8541667,38.3
Pseudorasbora parva,140.6329608,37.99620644
Pseudorasbora parva,138.23125,35.12033023
Pseudorasbora parva,139.5881501,35.26041694
Pseudorasbora parva,134.8050006,35.58666631
Pseudorasbora parva,134.4675004,35.61999987
Pseudorasbora parva,134.4775009,35.60166634
Pseudorasbora parva,134.7925007,35.55500132
Pseudorasbora parva,134.85625,35.55208333
Pseudorasbora parva,134.8400025,35.54833614
Pseudorasbora parva,134.7875052,35.5416616
Pseudorasbora parva,134.8354167,35.53750007
Pseudorasbora parva,134.830001,35.53000164
Pseudorasbora parva,134.8395833,35.52083307
Pseudorasbora parva,134.8525045,35.50667124
Pseudorasbora parva,134.8175017,35.50500172
Pseudorasbora parva,134.59375,35.56458333
Pseudorasbora parva,134.48125,35.56458341
Pseudorasbora parva,134.9020833,35.44583307
Pseudorasbora parva,134.8395833,35.49583307
Pseudorasbora parva,134.8025044,35.49833802
Pseudorasbora parva,134.86875,35.49375
Pseudorasbora parva,134.8675016,35.47833184
Pseudorasbora parva,134.8145833,35.48541667
Pseudorasbora parva,134.7895833,35.47916707
Pseudorasbora parva,134.8675022,35.46999796
Pseudorasbora parva,134.8699977,35.45500242
Pseudorasbora parva,134.7770833,35.45625
Pseudorasbora parva,134.7854167,35.39791667
Pseudorasbora parva,134.819997,35.38666382
Pseudorasbora parva,134.7895833,35.38750007
Pseudorasbora parva,134.8145833,35.37916707
Pseudorasbora parva,134.8604167,35.33750007
Pseudorasbora parva,135.1599862,35.25165294
Pseudorasbora parva,135.15625,35.24791667
Pseudorasbora parva,135.1354167,35.22916729
Pseudorasbora parva,135.1229167,35.17916729
Pseudorasbora parva,135.04375,35.195833
Pseudorasbora parva,135.1199943,35.17832811
Pseudorasbora parva,135.1229167,35.17083307
Pseudorasbora parva,135.2666667,35.10416667
Pseudorasbora parva,135.1833333,35.15208333
Pseudorasbora parva,135.2125,35.13333333
Pseudorasbora parva,135.1958333,35.11666667
Pseudorasbora parva,135.1800065,35.10500676
Pseudorasbora parva,135.1708333,35.10625
Pseudorasbora parva,135.1729167,35.08750029
Pseudorasbora parva,135.10625,35.16875007
Pseudorasbora parva,135.1229167,35.15416707
Pseudorasbora parva,135.0474825,35.14835135
Pseudorasbora parva,135.05625,35.13958333
Pseudorasbora parva,135.02503,35.14169688
Pseudorasbora parva,135.3833333,35.08333333
Pseudorasbora parva,135.3074928,35.02832616
Pseudorasbora parva,135.2150204,35.08168756
Pseudorasbora parva,135.2300067,35.0716734
Pseudorasbora parva,135.2229167,35.06250007
Pseudorasbora parva,135.1770833,35.06250007
Pseudorasbora parva,135.18125,35.03541667
Pseudorasbora parva,135.1729167,35.02916667
Pseudorasbora parva,135.1520833,35.01250114
Pseudorasbora parva,135.1520833,35.00416707
Pseudorasbora parva,135.04375,35.079167
Pseudorasbora parva,135.0145833,35.06875
Pseudorasbora parva,135.3395833,34.93750007
Pseudorasbora parva,135.172476,34.9766427
Pseudorasbora parva,135.18125,34.97708333
Pseudorasbora parva,135.1650257,34.94330794
Pseudorasbora parva,135.19375,34.9375
Pseudorasbora parva,135.1800086,34.93665816
Pseudorasbora parva,135.20625,34.93541674
Pseudorasbora parva,135.4229167,34.83750029
Pseudorasbora parva,135.3050089,34.91165785
Pseudorasbora parva,135.2800095,34.86165723
Pseudorasbora parva,135.2050089,34.91165792
Pseudorasbora parva,135.23125,34.88541667
Pseudorasbora parva,135.2479167,34.87291667
Pseudorasbora parva,135.2187502,34.87291706
Pseudorasbora parva,135.1574912,34.8716761
Pseudorasbora parva,135.2354167,34.86250007
Pseudorasbora parva,135.1645833,34.86250007
Pseudorasbora parva,135.2199899,34.85332439
Pseudorasbora parva,135.1724714,34.84836238
Pseudorasbora parva,135.2400295,34.83497079
Pseudorasbora parva,135.1791667,34.84166667
Pseudorasbora parva,135.0312506,34.91875014
Pseudorasbora parva,135.0949909,34.87832431
Pseudorasbora parva,135.09375,34.87083364
Pseudorasbora parva,135.0824901,34.8699907
Pseudorasbora parva,135.42257,34.82673672
Pseudorasbora parva,135.4199896,34.80501042
Pseudorasbora parva,135.3770833,34.80416707
Pseudorasbora parva,135.43125,34.80208333
Pseudorasbora parva,135.4270833,34.78750007
Pseudorasbora parva,135.4041667,34.77708333
Pseudorasbora parva,135.3729167,34.77916729
Pseudorasbora parva,135.4270833,34.77083307
Pseudorasbora parva,135.3770833,34.76875
Pseudorasbora parva,135.45625,34.7625
Pseudorasbora parva,135.4375546,34.75828053
Pseudorasbora parva,135.43249,34.76334466
Pseudorasbora parva,135.3750534,34.76672015
Pseudorasbora parva,135.45625,34.754167
Pseudorasbora parva,135.3574897,34.80501056
Pseudorasbora parva,135.3675105,34.79498969
Pseudorasbora parva,135.3729167,34.77916707
Pseudorasbora parva,135.2041667,34.83333333
Pseudorasbora parva,135.1562501,34.81875004
Pseudorasbora parva,135.1437498,34.81875014
Pseudorasbora parva,135.1437499,34.76458376
Pseudorasbora parva,135.0791667,34.83541667
Pseudorasbora parva,135.05625,34.83125007
Pseudorasbora parva,135.0300097,34.82832369
Pseudorasbora parva,135.0437503,34.82708355
Pseudorasbora parva,135.1187497,34.81875021
Pseudorasbora parva,135.0125504,34.8167173
Pseudorasbora parva,135.0895833,34.80625
Pseudorasbora parva,135.0687501,34.78958348
Pseudorasbora parva,135.109968,34.76503201
Pseudorasbora parva,135.0174008,34.74656923
Pseudorasbora parva,135.4424037,34.75343097
Pseudorasbora parva,135.4104167,34.74583307
Pseudorasbora parva,135.3770833,34.74583307
Pseudorasbora parva,135.4520833,34.73750007
Pseudorasbora parva,135.4145833,34.73541667
Pseudorasbora parva,135.41875,34.720833
Pseudorasbora parva,135.1225826,34.67325161
Pseudorasbora parva,135.06875,34.74791667
Pseudorasbora parva,135.04375,34.75208511
Pseudorasbora parva,135.0025322,34.7317004
Pseudorasbora parva,135.04375,34.71875
Pseudorasbora parva,135.01875,34.70625
Pseudorasbora parva,135.0812499,34.69791823
Pseudorasbora parva,134.9925053,35.26999582
Pseudorasbora parva,134.8324952,35.23833826
Pseudorasbora parva,134.9925064,35.11333975
Pseudorasbora parva,134.9895833,35.10416707
Pseudorasbora parva,134.5699937,35.11333982
Pseudorasbora parva,134.930007,35.06165971
Pseudorasbora parva,134.9604167,35.02708333
Pseudorasbora parva,134.9854167,35.02291667
Pseudorasbora parva,134.95625,35.0125
Pseudorasbora parva,134.8229167,35.01458333
Pseudorasbora parva,134.5574923,35.03665963
Pseudorasbora parva,134.9675081,34.99499208
Pseudorasbora parva,134.9312502,34.96875043
Pseudorasbora parva,134.9437501,34.93125014
Pseudorasbora parva,134.9562502,34.92708348
Pseudorasbora parva,134.9425084,34.9216753
Pseudorasbora parva,134.775,34.94166667
Pseudorasbora parva,134.6550085,34.92167539
Pseudorasbora parva,134.45625,34.954167
Pseudorasbora parva,134.3425082,34.94667494
Pseudorasbora parva,134.8895833,34.91458333
Pseudorasbora parva,134.9425088,34.90500928
Pseudorasbora parva,134.9395833,34.89791667
Pseudorasbora parva,134.8824912,34.89667556
Pseudorasbora parva,134.9300094,34.8800095
Pseudorasbora parva,134.91875,34.8625
Pseudorasbora parva,134.8849712,34.85669549
Pseudorasbora parva,134.9145833,34.84583307
Pseudorasbora parva,134.9145833,34.84583329
Pseudorasbora parva,134.7750442,34.91671092
Pseudorasbora parva,134.76875,34.90625
Pseudorasbora parva,134.81875,34.9020834
Pseudorasbora parva,134.7600629,34.90172987
Pseudorasbora parva,134.86875,34.86458333
Pseudorasbora parva,134.7400267,34.89836013
Pseudorasbora parva,134.73125,34.8875
Pseudorasbora parva,134.7354167,34.87083329
Pseudorasbora parva,134.64375,34.8625
Pseudorasbora parva,134.725047,34.85838207
Pseudorasbora parva,134.6449903,34.85500981
Pseudorasbora parva,134.6479167,34.84583329
Pseudorasbora parva,134.6479167,34.84583307
Pseudorasbora parva,134.6125,34.91666667
Pseudorasbora parva,134.60625,34.904167
Pseudorasbora parva,134.6020833,34.88750007
Pseudorasbora parva,134.5824905,34.88665764
Pseudorasbora parva,134.60625,34.854167
Pseudorasbora parva,134.5354167,34.83750007
Pseudorasbora parva,134.3925088,34.89667556
Pseudorasbora parva,134.4925094,34.8533241
Pseudorasbora parva,134.4449901,34.84499016
Pseudorasbora parva,134.38125,34.845833
Pseudorasbora parva,134.3324909,34.87167587
Pseudorasbora parva,134.3199904,34.86999047
Pseudorasbora parva,134.3687499,34.86041667
Pseudorasbora parva,134.3449907,34.86334288
Pseudorasbora parva,134.28125,34.86041674
Pseudorasbora parva,134.2900287,34.8566954
Pseudorasbora parva,134.9354167,34.82083307
Pseudorasbora parva,134.93125,34.804167
Pseudorasbora parva,134.9175104,34.80501042
Pseudorasbora parva,134.9724694,34.79836392
Pseudorasbora parva,134.94375,34.79791667
Pseudorasbora parva,134.8925101,34.79667679
Pseudorasbora parva,134.9175106,34.78665636
Pseudorasbora parva,134.8999481,34.79171861
Pseudorasbora parva,134.88125,34.79375028
Pseudorasbora parva,134.8770833,34.77708333
Pseudorasbora parva,134.9775318,34.76503188
Pseudorasbora parva,134.8949896,34.75501122
Pseudorasbora parva,134.8550106,34.81165686
Pseudorasbora parva,134.8699896,34.78834376
Pseudorasbora parva,134.85625,34.78541674
Pseudorasbora parva,134.8425107,34.78001073
Pseudorasbora parva,134.8499465,34.76661321
Pseudorasbora parva,134.83125,34.77291667
Pseudorasbora parva,134.8187505,34.75625
Pseudorasbora parva,134.845097,34.76176373
Pseudorasbora parva,134.6395833,34.82083307
Pseudorasbora parva,134.7050095,34.81334386
Pseudorasbora parva,134.6020833,34.82916707
Pseudorasbora parva,134.5625496,34.83338314
Pseudorasbora parva,134.5699919,34.79667816
Pseudorasbora parva,134.415031,34.76503319
Pseudorasbora parva,134.4100742,34.76007671
Pseudorasbora parva,134.4050097,34.75501174
Pseudorasbora parva,134.3599704,34.83169703
Pseudorasbora parva,134.9949882,34.68665513
Pseudorasbora parva,134.9895833,34.67291667
Pseudorasbora parva,134.84375,34.76041667
Pseudorasbora parva,135.0062498,34.66875014
Pseudorasbora parva,135.0375,34.65416667
Pseudorasbora parva,135.0604167,34.62916707
Pseudorasbora parva,134.994988,34.66165485
Pseudorasbora parva,134.9849641,34.65996415
Pseudorasbora parva,134.99375,34.66041667
Pseudorasbora parva,134.98125,34.654167
Pseudorasbora parva,134.8895833,34.51250007
Pseudorasbora parva,134.89375,34.5
Pseudorasbora parva,134.8550144,34.46165248
Pseudorasbora parva,134.85625,34.454167
Pseudorasbora parva,134.8550143,34.44668107
Pseudorasbora parva,134.85625,34.4375
Pseudorasbora parva,134.85625,34.42083333
Pseudorasbora parva,134.8150452,34.40162178
Pseudorasbora parva,134.80625,34.40625007
Pseudorasbora parva,134.79375,34.40625
Pseudorasbora parva,134.78125,34.37291688
Pseudorasbora parva,134.7875,34.37291667
Pseudorasbora parva,134.86875,34.34791674
Pseudorasbora parva,134.8425162,34.33001621
Pseudorasbora parva,134.7687501,34.33125021
Pseudorasbora parva,134.7550161,34.33001628
Pseudorasbora parva,134.8300156,34.32168272
Pseudorasbora parva,134.7724515,34.31828482
Pseudorasbora parva,134.7824844,34.31334996
Pseudorasbora parva,134.76875,34.31458333
Pseudorasbora parva,134.7562502,34.30625014
Pseudorasbora parva,134.84375,34.304167
Pseudorasbora parva,134.7750815,34.29991868
Pseudorasbora parva,134.7800166,34.29498352
Pseudorasbora parva,134.7500822,34.29158456
Pseudorasbora parva,134.7824835,34.28834985
Pseudorasbora parva,134.7854167,34.28125
Pseudorasbora parva,134.75625,34.2625
Pseudorasbora parva,134.7645833,34.25416707
Pseudorasbora parva,134.6854167,34.31250007
Pseudorasbora parva,134.74375,34.295833
Pseudorasbora parva,134.74375,34.2875
Pseudorasbora parva,134.7208333,34.2875
Pseudorasbora parva,134.7395833,34.27916707
Pseudorasbora parva,134.7479167,34.26875
Pseudorasbora parva,134.7437496,34.22708358
Pseudorasbora parva,134.7375,34.2125
Pseudorasbora parva,134.7349477,34.20994786
Pseudorasbora parva,140.0579089,39.85875823
Pseudorasbora parva,140.1270833,39.74000004
Pseudorasbora parva,126.9014144,34.79724898
Pseudorasbora parva,121.8145833,24.6200001
Pseudorasbora parva,121.2208333,23.11666667
Pseudorasbora parva,121.0072723,24.81772776
Pseudorasbora parva,120.8729167,24.45000003
Pseudorasbora parva,120.6899985,24.01041672
Pseudorasbora parva,121.0259092,24.78659085
Pseudorasbora parva,120.78125,24.60000001
Pseudorasbora parva,121.5104167,23.58958333
Pseudorasbora parva,120.6899999,24.01041672
Pseudorasbora parva,120.8229167,24.25000003
Pseudorasbora parva,120.76,23.81875022
Pseudorasbora parva,121.5999998,25.06041688
Pseudorasbora parva,121.458633,25.12886709
Pseudorasbora parva,121.7354167,24.93333333
Pseudorasbora parva,121.7972698,24.73606433
Pseudorasbora parva,121.8229167,24.71041667
Pseudorasbora parva,120.6520833,23.375
Pseudorasbora parva,121.5031705,25.01567057
Pseudorasbora parva,120.1634967,23.3615049
Pseudorasbora parva,121.6999999,24.78125048
Pseudorasbora parva,121.2354167,23.16000007
Pseudorasbora parva,121.2770833,23.18541667
Pseudorasbora parva,120.76875,24.4
Pseudorasbora parva,120.4362652,22.6054015
Pseudorasbora parva,118.433147,24.42898032
Pseudorasbora parva,118.4285878,24.42442122
Pseudorasbora parva,118.4083333,24.4875
Pseudorasbora parva,121.09375,25.02000005
Pseudorasbora parva,121.5750077,24.99584118
Pseudorasbora parva,120.8440676,24.00656764
Pseudorasbora parva,120.71,24.0104178
Pseudorasbora parva,120.9345183,23.9738152
Pseudorasbora parva,120.76,24.28125086
Pseudorasbora parva,117.0979167,39.09791667
Pseudorasbora parva,117.68125,28.25000002
Pseudorasbora parva,119.3291667,26.11875
Pseudorasbora parva,118.3354167,27.03958333
Pseudorasbora parva,118.116667,26.86458336
Pseudorasbora parva,112.84375,29.17291667
Pseudorasbora parva,116.9358601,36.66502694
Pseudorasbora parva,116.38125,39.91666792
Pseudorasbora parva,108.433333,30.83333303
Pseudorasbora parva,118.9020833,30.93125
Pseudorasbora parva,138.8583366,36.26666362
Pseudorasbora parva,138.8628683,36.26213189
Pseudorasbora parva,138.85625,36.26875
Pseudorasbora parva,138.8571894,36.2678107
Pseudorasbora parva,138.8615016,36.26349863
Pseudorasbora parva,138.8916667,36.27708333
Pseudorasbora parva,138.90625,36.2375
Pseudorasbora parva,139.4895833,36.27291667
Pseudorasbora parva,139.5599471,36.24328094
Pseudorasbora parva,140.4999996,36.27291856
Pseudorasbora parva,139.75625,35.68125
Pseudorasbora parva,123.71875,41.21875
Pseudorasbora parva,103.8729167,22.3
Pseudorasbora parva,108.43125,30.83125
Pseudorasbora parva,112.84375,29.17291667
Pseudorasbora parva,116.38125,39.916667
Pseudorasbora parva,116.9354167,36.66458333
Pseudorasbora parva,117.0979167,39.09791667
Pseudorasbora parva,117.68125,28.25
Pseudorasbora parva,118.116667,26.86458333
Pseudorasbora parva,118.3354167,27.03958333
Pseudorasbora parva,118.9020833,30.93125
Pseudorasbora parva,119.3291667,26.11875
Pseudorasbora parva,121.416667,25.03125
Pseudorasbora parva,129.8670667,32.75376667
Pseudorasbora parva,130.4729167,33.52708333
Pseudorasbora parva,134,33.98958333
Pseudorasbora parva,143.3541667,44.34583333
