species,Dd_long,Dd_lat
Pseudorasbora parva,45.02083333,40.025
Pseudorasbora parva,90.72708333,29.36458333
Pseudorasbora parva,48.03778108,42.13778296
Pseudorasbora parva,55.78333271,37.39375005
Pseudorasbora parva,47.06875,34.31458333
Pseudorasbora parva,60.90236039,29.49819374
Pseudorasbora parva,54.78125,37.05000002
Pseudorasbora parva,54.80208333,37.02500032
Pseudorasbora parva,77.46458333,42.65600007
Pseudorasbora parva,30.79709463,37.24040548
Pseudorasbora parva,30.82484703,37.39151385
Pseudorasbora parva,30.88125,37.10625
Pseudorasbora parva,30.7966665,37.2408335
Pseudorasbora parva,30.830278,37.39375
Pseudorasbora parva,30.88125,37.10625
Pseudorasbora parva,32.60833333,45.37708333
Pseudorasbora parva,33.43125,44.57708333
Pseudorasbora parva,32.84375,45.56875
Pseudorasbora parva,32.675,45.41666667
Pseudorasbora parva,33.43541667,44.56875
Pseudorasbora parva,33.61948885,44.94032218
Pseudorasbora parva,33.92083333,44.49791667
Pseudorasbora parva,33.33541667,45.77708333
Pseudorasbora parva,33.35208333,45.36041667
Pseudorasbora parva,33.96569359,45.82291667
Pseudorasbora parva,33.95800817,45.37291667
Pseudorasbora parva,33.43958333,45.83958333
Pseudorasbora parva,33.90208333,46.11041667
Pseudorasbora parva,34.57142921,44.92976254
Pseudorasbora parva,34.37708333,44.61458333
Pseudorasbora parva,35.18958333,44.91041667
Pseudorasbora parva,35.11041667,44.81041667
Pseudorasbora parva,34.59375,45.84375
Pseudorasbora parva,34.57972256,45.38388922
Pseudorasbora parva,35.03958333,45.63541667
Pseudorasbora parva,35.25625,45.35653429
Pseudorasbora parva,34.31041667,46.06458333
Pseudorasbora parva,34.54791667,45.97291667
Pseudorasbora parva,34.8875,45.85416667
Pseudorasbora parva,34.8875,45.85416667
Pseudorasbora parva,35.79791667,45.05208333
Pseudorasbora parva,35.90208333,45.01875
Pseudorasbora parva,35.82708333,45.43958333
Pseudorasbora parva,35.77672975,45.34791667
Pseudorasbora parva,36.19375,45.47291667
Pseudorasbora parva,36.19375,45.47291667
Pseudorasbora parva,36.19375,45.03541667
Pseudorasbora parva,36.19375,45.03541667
Pseudorasbora parva,36.19375,45.47291667
Pseudorasbora parva,36.22357718,45.38125
Pseudorasbora parva,37.77708333,44.72708333
Pseudorasbora parva,36.80208333,45.14791667
Pseudorasbora parva,37.00625,45.07291667
Pseudorasbora parva,37.41458333,44.90625
Pseudorasbora parva,37.50208333,44.84166667
Pseudorasbora parva,36.86041667,45.38958333
Pseudorasbora parva,36.85208333,45.38125
Pseudorasbora parva,37.53125,45.38125
Pseudorasbora parva,37.41875,45.35208333
Pseudorasbora parva,37.80625,46.55625
Pseudorasbora parva,36.93125,45.40625
Pseudorasbora parva,37.80625,46.55625
Pseudorasbora parva,37.83541667,46.50625
Pseudorasbora parva,37.80625,46.55625
Pseudorasbora parva,37.80625,46.55625
Pseudorasbora parva,38.20625,44.66041667
Pseudorasbora parva,38.76041667,44.51875
Pseudorasbora parva,38.04791667,44.92291667
Pseudorasbora parva,38.05833333,44.68333333
Pseudorasbora parva,38.70416667,44.93333333
Pseudorasbora parva,38.72708333,44.52708333
Pseudorasbora parva,38.25833333,46.12916667
Pseudorasbora parva,38.0458376,45.3708376
Pseudorasbora parva,38.75,46.125
Pseudorasbora parva,38.69375,45.28541667
Pseudorasbora parva,38.06041667,46.64791667
Pseudorasbora parva,38.06875,46.40208333
Pseudorasbora parva,38.65625,46.74791667
Pseudorasbora parva,38.67708333,46.28125
Pseudorasbora parva,38.21875,46.69791667
Pseudorasbora parva,39.20625,47.32291667
Pseudorasbora parva,38.74375,46.88125
Pseudorasbora parva,39.31666667,44.475
Pseudorasbora parva,39.33541667,44.91458333
Pseudorasbora parva,39.31696858,44.47530191
Pseudorasbora parva,39.95682122,44.93067878
Pseudorasbora parva,39.90833333,44.55
Pseudorasbora parva,39.36458333,46.18958333
Pseudorasbora parva,39.34375,45.28958333
Pseudorasbora parva,39.97291667,45.45208333
Pseudorasbora parva,39.96041667,45.37291667
Pseudorasbora parva,39.32733403,46.73125
Pseudorasbora parva,39.31666667,46.2375
Pseudorasbora parva,39.97291667,46.72421388
Pseudorasbora parva,39.7875,46.27708333
Pseudorasbora parva,39.42291667,47.37291667
Pseudorasbora parva,39.33125,47.16458333
Pseudorasbora parva,40.06041667,47.36041667
Pseudorasbora parva,39.97873486,47.16293181
Pseudorasbora parva,40.58541667,44.9173282
Pseudorasbora parva,40.71458333,44.76875
Pseudorasbora parva,41.2368669,44.8868669
Pseudorasbora parva,41.21875,44.46458333
Pseudorasbora parva,40.61875,45.54791667
Pseudorasbora parva,40.60206818,45.37293182
Pseudorasbora parva,41.04583333,45.45208333
Pseudorasbora parva,41.22708333,45.35208333
Pseudorasbora parva,40.63573071,46.70208333
Pseudorasbora parva,40.44166667,46.60833333
Pseudorasbora parva,41.27291667,46.75208333
Pseudorasbora parva,40.65625,47.53958333
Pseudorasbora parva,40.64948767,47.14791667
Pseudorasbora parva,41.32442063,47.60057937
Pseudorasbora parva,41.31432954,47.16067046
Pseudorasbora parva,41.525,44.62916667
Pseudorasbora parva,42.00673302,47.59743365
Pseudorasbora parva,42.04166667,47.15625
Pseudorasbora parva,37.19375,52.12708333
Pseudorasbora parva,37.42916667,51.86458333
Pseudorasbora parva,37.29166667,52.42291667
Pseudorasbora parva,38.67708333,51.32291667
Pseudorasbora parva,38.85208333,50.96458333
Pseudorasbora parva,37.90469897,52.11041667
Pseudorasbora parva,37.89375,51.8125
Pseudorasbora parva,38.60208333,52.11875
Pseudorasbora parva,38.79166667,51.68958333
Pseudorasbora parva,37.97708333,52.82291667
Pseudorasbora parva,37.89524671,52.57141996
Pseudorasbora parva,38.63098903,53.0273443
Pseudorasbora parva,38.63124793,52.59375
Pseudorasbora parva,38.79375,53.16041667
Pseudorasbora parva,39.37916667,51.23541667
Pseudorasbora parva,39.26458333,50.85208333
Pseudorasbora parva,39.35625,52.12479607
Pseudorasbora parva,39.36197832,51.67552168
Pseudorasbora parva,39.34375,52.99375
Pseudorasbora parva,39.36905984,52.58958333
Pseudorasbora parva,39.13958333,53.18125
Pseudorasbora parva,41.01875,47.68541667
Pseudorasbora parva,41.38125,47.77291667
Pseudorasbora parva,42.10208333,47.91458333
Pseudorasbora parva,42.10208333,47.91458333
Pseudorasbora parva,43.15208333,43.11875
Pseudorasbora parva,43.25833333,43.03125
Pseudorasbora parva,43.4627564,43.11641027
Pseudorasbora parva,43.525,42.88541667
Pseudorasbora parva,43.32291667,43.80625
Pseudorasbora parva,43.21041667,43.41041667
Pseudorasbora parva,43.51875,43.92708333
Pseudorasbora parva,43.45225836,43.56041667
Pseudorasbora parva,43.7375,44.14375
Pseudorasbora parva,42.7,47.61041667
Pseudorasbora parva,42.66458333,47.21875
Pseudorasbora parva,43.2625,47.71041667
Pseudorasbora parva,43.975,42.575
Pseudorasbora parva,44.73958333,42.64583333
Pseudorasbora parva,44.05625,43.12708333
Pseudorasbora parva,44.08483385,42.68125
Pseudorasbora parva,44.70625,43.12721415
Pseudorasbora parva,44.71875,42.68958333
Pseudorasbora parva,44.0643092,44.01875
Pseudorasbora parva,44.06852613,43.57685946
Pseudorasbora parva,44.68818938,44.01458333
Pseudorasbora parva,44.66875,43.60208333
Pseudorasbora parva,44.18958333,44.77708333
Pseudorasbora parva,44.08333333,44.44583333
Pseudorasbora parva,44.65833333,44.9125
Pseudorasbora parva,44.68318531,44.47514802
Pseudorasbora parva,44.7,45.12291667
Pseudorasbora parva,44.7,45.12291667
Pseudorasbora parva,43.53125,47.87916667
Pseudorasbora parva,44.06666667,48.41041667
Pseudorasbora parva,43.82083333,48.17291667
Pseudorasbora parva,45.32708333,42.50208333
Pseudorasbora parva,45.86666667,42.5625
Pseudorasbora parva,45.29791667,43.13125
Pseudorasbora parva,45.33541667,42.67696025
Pseudorasbora parva,45.91787345,43.11962655
Pseudorasbora parva,45.91463211,42.67286789
Pseudorasbora parva,45.29791667,44.02761223
Pseudorasbora parva,45.32291667,43.56041667
Pseudorasbora parva,45.93599858,44.02708333
Pseudorasbora parva,45.92899833,43.56041667
Pseudorasbora parva,45.31695727,44.90208333
Pseudorasbora parva,45.31212326,44.47537674
Pseudorasbora parva,45.95682122,44.93067878
Pseudorasbora parva,45.9448494,44.47598393
Pseudorasbora parva,45.38958333,45.18125
Pseudorasbora parva,45.38958333,45.18125
Pseudorasbora parva,46.02708333,45.21041667
Pseudorasbora parva,45.96041667,45.20625
Pseudorasbora parva,45.38958333,45.18125
Pseudorasbora parva,45.38958333,45.18125
Pseudorasbora parva,45.80208333,45.22291667
Pseudorasbora parva,46.02708333,45.21041667
Pseudorasbora parva,44.06666667,48.41041667
Pseudorasbora parva,44.06666667,48.41041667
Pseudorasbora parva,44.06666667,48.41041667
Pseudorasbora parva,45.80208333,45.22291667
Pseudorasbora parva,46.56041667,43.15
Pseudorasbora parva,46.36875,42.92291667
Pseudorasbora parva,47.05625,43.36875
Pseudorasbora parva,46.84375,43.2625
Pseudorasbora parva,46.56074213,44.01842453
Pseudorasbora parva,46.55562641,43.55979307
Pseudorasbora parva,47.18315132,43.99791667
Pseudorasbora parva,47.16041667,43.53541667
Pseudorasbora parva,46.57708333,44.90625
Pseudorasbora parva,46.57916667,44.4875
Pseudorasbora parva,47.18541667,44.80208333
Pseudorasbora parva,47.04791667,44.31875
Pseudorasbora parva,46.53541667,45.13958333
Pseudorasbora parva,46.53541667,45.13958333
Pseudorasbora parva,47.01458333,45.00625
Pseudorasbora parva,47.01458333,45.00625
Pseudorasbora parva,46.53541667,45.13958333
Pseudorasbora parva,46.53541667,45.13958333
Pseudorasbora parva,47.48125,43.84791667
Pseudorasbora parva,47.55625,43.61041667
Pseudorasbora parva,47.38125,43.99375
Pseudorasbora parva,42.83541667,48.60208333
Pseudorasbora parva,42.63125,48.06041667
Pseudorasbora parva,43.30416667,48.52291667
Pseudorasbora parva,43.33125,48.08958333
Pseudorasbora parva,43.20625,48.75625
Pseudorasbora parva,43.97083333,48.52291667
Pseudorasbora parva,43.82083333,48.17291667
Pseudorasbora parva,44.06666667,48.41041667
Pseudorasbora parva,44.06666667,48.41041667
Pseudorasbora parva,44.00625,48.71041667
Pseudorasbora parva,44.06666667,48.41041667
Pseudorasbora parva,68.72708333,55.81875
Pseudorasbora parva,68.60949161,55.26782494
Pseudorasbora parva,69.37916667,55.75625
Pseudorasbora parva,69.36754997,55.29671664
Pseudorasbora parva,70.20852361,55.70019028
Pseudorasbora parva,70.18661216,55.27172117
Pseudorasbora parva,70.90833333,56.09166667
Pseudorasbora parva,68.81666667,55.97083333
Pseudorasbora parva,68.18541667,57.79791667
Pseudorasbora parva,68.65,57.78541667
Pseudorasbora parva,68.27291667,58.09375
Pseudorasbora parva,68.15625,57.93125
Pseudorasbora parva,68.5625,58.41666667
Pseudorasbora parva,68.58958333,57.96041667
Pseudorasbora parva,68.47708333,58.38958333
Pseudorasbora parva,68.98958333,58.57708333
Pseudorasbora parva,68.69791667,58.45625
Pseudorasbora parva,69.43958333,56.41875
Pseudorasbora parva,69.40208333,56.18125
Pseudorasbora parva,70.21041667,56.62291667
Pseudorasbora parva,70.2078564,56.17708333
Pseudorasbora parva,69.37291667,57.71875
Pseudorasbora parva,69.65625,56.50625
Pseudorasbora parva,70.31666667,57.525
Pseudorasbora parva,70.35208333,56.94375
Pseudorasbora parva,69.41875,58.35625
Pseudorasbora parva,69.45833333,57.97083333
Pseudorasbora parva,70.26875,58.30625
Pseudorasbora parva,70.26041667,57.94791667
Pseudorasbora parva,68.98958333,58.57708333
Pseudorasbora parva,69.26041667,58.39583333
Pseudorasbora parva,70.38125,58.31875
Pseudorasbora parva,70.38125,58.31875
Pseudorasbora parva,71.02708333,56.58541667
Pseudorasbora parva,71.01255063,56.17708333
Pseudorasbora parva,71.61041667,56.61458333
Pseudorasbora parva,71.07291667,57.52708333
Pseudorasbora parva,71.05625,57.03125
Pseudorasbora parva,72.025,57.49375
Pseudorasbora parva,71.06041667,58.22291667
Pseudorasbora parva,71.11211609,57.96875
Pseudorasbora parva,71.88958333,58.09791667
Pseudorasbora parva,71.99791667,57.93382233
Pseudorasbora parva,70.97291667,58.24375
Pseudorasbora parva,71.06041667,58.22291667
Pseudorasbora parva,71.79791667,58.14791667
Pseudorasbora parva,73.05,54.77916667
Pseudorasbora parva,73.16041667,54.53125
Pseudorasbora parva,72.61041667,55.62291667
Pseudorasbora parva,72.56875,55.31041667
Pseudorasbora parva,73.02291667,55.68125
Pseudorasbora parva,73.04375,55.24375
Pseudorasbora parva,73.81216655,54.83716655
Pseudorasbora parva,73.85625,54.35625
Pseudorasbora parva,74.61041667,54.79791667
Pseudorasbora parva,74.60499584,54.36167083
Pseudorasbora parva,73.78125,55.72291667
Pseudorasbora parva,73.81985286,55.24791667
Pseudorasbora parva,74.59854071,55.72354071
Pseudorasbora parva,74.62708333,55.33541667
Pseudorasbora parva,73.90208333,53.95208333
Pseudorasbora parva,74.60625,53.92916667
Pseudorasbora parva,74.575,53.63333333
Pseudorasbora parva,75.36875,54.31458333
Pseudorasbora parva,75.19375,55.77708333
Pseudorasbora parva,75.33541667,53.98125
Pseudorasbora parva,73.11041667,55.89791667
Pseudorasbora parva,72.9125,57.48333333
Pseudorasbora parva,72.93942657,57.05625
Pseudorasbora parva,72.76666667,57.93958333
Pseudorasbora parva,72.88958333,57.91041667
Pseudorasbora parva,72.54583333,57.98541667
Pseudorasbora parva,73.8,56.69791667
Pseudorasbora parva,73.78958333,56.12708333
Pseudorasbora parva,74.59097567,56.62014234
Pseudorasbora parva,74.59753922,56.20208333
Pseudorasbora parva,73.74791667,57.51041667
Pseudorasbora parva,73.76458333,57.07708333
Pseudorasbora parva,74.39791667,57.29791667
Pseudorasbora parva,74.58125,57.06751528
Pseudorasbora parva,73.40208333,57.73541667
Pseudorasbora parva,73.64791667,57.63541667
Pseudorasbora parva,74.26041667,57.41458333
Pseudorasbora parva,75.10208333,56.51041667
Pseudorasbora parva,75.15,56.18541667
Pseudorasbora parva,75.00208333,56.88958333
